login,time,total_pnl,by_symbol,num_positions
263006287,2025-07-25T00:32:42.521926,11.33,"{""NZDUSDc"": -2.29, ""GBPJPYc"": 7.34, ""EURCADc"": -0.89, ""AUDCHFc"": 7.42, ""EURUSDc"": -0.23}",5
183459647,2025-07-25T00:32:42.531954,-0.39,"{""GBPCADc"": 9.74, ""EURUSDc"": -0.34, ""AUDJPYc"": -0.18, ""EURNZDc"": 0.16, ""USDCHFc"": -8.04}",5
263006287,2025-07-25T00:32:52.540439,11.27,"{""NZDUSDc"": -2.33, ""GBPJPYc"": 7.34, ""EURCADc"": -0.89, ""AUDCHFc"": 7.41, ""EURUSDc"": -0.24}",5
183459647,2025-07-25T00:32:52.540439,-0.4,"{""GBPCADc"": 9.73, ""EURUSDc"": -0.35, ""AUDJPYc"": -0.17, ""EURNZDc"": 0.18, ""USDCHFc"": -8.06}",5
263006287,2025-07-25T00:33:02.566138,11.33,"{""NZDUSDc"": -2.32, ""GBPJPYc"": 7.38, ""EURCADc"": -0.89, ""AUDCHFc"": 7.39, ""EURUSDc"": -0.21}",5
183459647,2025-07-25T00:33:02.580843,-0.33,"{""GBPCADc"": 9.75, ""EURUSDc"": -0.32, ""AUDJPYc"": -0.16, ""EURNZDc"": 0.18, ""USDCHFc"": -8.05}",5
263006287,2025-07-25T00:33:12.589008,11.32,"{""NZDUSDc"": -2.32, ""GBPJPYc"": 7.32, ""EURCADc"": -0.86, ""AUDCHFc"": 7.39, ""EURUSDc"": -0.19}",5
183459647,2025-07-25T00:33:12.600539,-0.28,"{""GBPCADc"": 9.76, ""EURUSDc"": -0.3, ""AUDJPYc"": -0.16, ""EURNZDc"": 0.2, ""USDCHFc"": -8.05}",5
263006287,2025-07-25T00:33:22.606229,11.42,"{""NZDUSDc"": -2.31, ""GBPJPYc"": 7.36, ""EURCADc"": -0.86, ""AUDCHFc"": 7.44, ""EURUSDc"": -0.19}",5
183459647,2025-07-25T00:33:22.632760,-0.22,"{""GBPCADc"": 9.79, ""EURUSDc"": -0.3, ""AUDJPYc"": -0.17, ""EURNZDc"": 0.18, ""USDCHFc"": -7.99}",5
263006287,2025-07-25T00:33:32.629988,11.44,"{""NZDUSDc"": -2.3, ""GBPJPYc"": 7.35, ""EURCADc"": -0.85, ""AUDCHFc"": 7.44, ""EURUSDc"": -0.18}",5
183459647,2025-07-25T00:33:32.645653,-0.2,"{""GBPCADc"": 9.77, ""EURUSDc"": -0.29, ""AUDJPYc"": -0.17, ""EURNZDc"": 0.19, ""USDCHFc"": -7.97}",5
263006287,2025-07-25T00:33:42.644971,11.39,"{""NZDUSDc"": -2.28, ""GBPJPYc"": 7.34, ""EURCADc"": -0.91, ""AUDCHFc"": 7.42, ""EURUSDc"": -0.16}",5
183459647,2025-07-25T00:33:42.660063,-0.29,"{""GBPCADc"": 9.7, ""EURUSDc"": -0.27, ""AUDJPYc"": -0.19, ""EURNZDc"": 0.16, ""USDCHFc"": -7.96}",5
263006287,2025-07-25T00:33:52.658120,11.35,"{""NZDUSDc"": -2.28, ""GBPJPYc"": 7.34, ""EURCADc"": -0.93, ""AUDCHFc"": 7.42, ""EURUSDc"": -0.18}",5
183459647,2025-07-25T00:33:52.675177,-0.32,"{""GBPCADc"": 9.71, ""EURUSDc"": -0.29, ""AUDJPYc"": -0.19, ""EURNZDc"": 0.14, ""USDCHFc"": -7.96}",5
263006287,2025-07-25T00:34:02.673856,11.35,"{""NZDUSDc"": -2.3, ""GBPJPYc"": 7.36, ""EURCADc"": -0.93, ""AUDCHFc"": 7.43, ""EURUSDc"": -0.19}",5
183459647,2025-07-25T00:34:02.689200,-0.31,"{""GBPCADc"": 9.72, ""EURUSDc"": -0.3, ""AUDJPYc"": -0.18, ""EURNZDc"": 0.14, ""USDCHFc"": -7.96}",5
263006287,2025-07-25T00:34:12.705219,11.4,"{""NZDUSDc"": -2.3, ""GBPJPYc"": 7.39, ""EURCADc"": -0.91, ""AUDCHFc"": 7.43, ""EURUSDc"": -0.19}",5
183459647,2025-07-25T00:34:12.725753,-0.27,"{""GBPCADc"": 9.72, ""EURUSDc"": -0.3, ""AUDJPYc"": -0.16, ""EURNZDc"": 0.16, ""USDCHFc"": -7.96}",5
263006287,2025-07-25T00:34:22.710610,11.43,"{""NZDUSDc"": -2.3, ""GBPJPYc"": 7.41, ""EURCADc"": -0.91, ""AUDCHFc"": 7.43, ""EURUSDc"": -0.18}",5
183459647,2025-07-25T00:34:22.742213,-0.29,"{""GBPCADc"": 9.71, ""EURUSDc"": -0.29, ""AUDJPYc"": -0.16, ""EURNZDc"": 0.15, ""USDCHFc"": -7.97}",5
263006287,2025-07-25T00:34:32.733477,11.63,"{""NZDUSDc"": -2.29, ""GBPJPYc"": 7.47, ""EURCADc"": -0.87, ""AUDCHFc"": 7.46, ""EURUSDc"": -0.12}",5
183459647,2025-07-25T00:34:32.748112,-0.16,"{""GBPCADc"": 9.72, ""EURUSDc"": -0.23, ""AUDJPYc"": -0.15, ""EURNZDc"": 0.14, ""USDCHFc"": -7.91}",5
183459647,2025-07-25T00:34:40.634211,-0.21,"{""GBPCADc"": 9.69, ""EURUSDc"": -0.25, ""AUDJPYc"": -0.14, ""EURNZDc"": 0.13, ""USDCHFc"": -7.91}",5
263006287,2025-07-25T00:34:40.647450,11.63,"{""NZDUSDc"": -2.26, ""GBPJPYc"": 7.48, ""EURCADc"": -0.89, ""AUDCHFc"": 7.46, ""EURUSDc"": -0.14}",5
183459647,2025-07-25T00:34:50.655031,-0.23,"{""GBPCADc"": 9.68, ""EURUSDc"": -0.25, ""AUDJPYc"": -0.16, ""EURNZDc"": 0.17, ""USDCHFc"": -7.94}",5
263006287,2025-07-25T00:34:50.670073,11.54,"{""NZDUSDc"": -2.29, ""GBPJPYc"": 7.45, ""EURCADc"": -0.9, ""AUDCHFc"": 7.44, ""EURUSDc"": -0.14}",5
183459647,2025-07-25T00:35:00.674168,-0.25,"{""GBPCADc"": 9.67, ""EURUSDc"": -0.25, ""AUDJPYc"": -0.16, ""EURNZDc"": 0.16, ""USDCHFc"": -7.94}",5
263006287,2025-07-25T00:35:00.689475,11.58,"{""NZDUSDc"": -2.28, ""GBPJPYc"": 7.47, ""EURCADc"": -0.89, ""AUDCHFc"": 7.44, ""EURUSDc"": -0.14}",5
183459647,2025-07-25T00:35:09.169201,-0.25,"{""GBPCADc"": 9.67, ""EURUSDc"": -0.24, ""AUDJPYc"": -0.16, ""EURNZDc"": 0.13, ""USDCHFc"": -7.92}",5
263006287,2025-07-25T00:35:09.190661,11.59,"{""NZDUSDc"": -2.27, ""GBPJPYc"": 7.47, ""EURCADc"": -0.9, ""AUDCHFc"": 7.44, ""EURUSDc"": -0.13}",5
183459647,2025-07-25T00:35:19.192631,-0.26,"{""GBPCADc"": 9.67, ""EURUSDc"": -0.24, ""AUDJPYc"": -0.17, ""EURNZDc"": 0.12, ""USDCHFc"": -7.91}",5
263006287,2025-07-25T00:35:19.208180,11.6,"{""NZDUSDc"": -2.26, ""GBPJPYc"": 7.48, ""EURCADc"": -0.9, ""AUDCHFc"": 7.43, ""EURUSDc"": -0.13}",5
263006287,2025-07-25T00:35:29.214596,11.28,"{""NZDUSDc"": -2.31, ""GBPJPYc"": 7.43, ""EURCADc"": -0.96, ""AUDCHFc"": 7.38, ""EURUSDc"": -0.24}",5
183459647,2025-07-25T00:35:29.214596,-0.53,"{""GBPCADc"": 9.67, ""EURUSDc"": -0.35, ""AUDJPYc"": -0.16, ""EURNZDc"": 0.13, ""USDCHFc"": -8.09}",5
183459647,2025-07-25T00:35:39.240575,-0.65,"{""GBPCADc"": 9.58, ""EURUSDc"": -0.4, ""AUDJPYc"": -0.15, ""EURNZDc"": 0.13, ""USDCHFc"": -8.08}",5
263006287,2025-07-25T00:35:39.255317,11.25,"{""NZDUSDc"": -2.33, ""GBPJPYc"": 7.51, ""EURCADc"": -1.01, ""AUDCHFc"": 7.39, ""EURUSDc"": -0.29}",5
183459647,2025-07-25T00:35:49.256682,-0.75,"{""GBPCADc"": 9.53, ""EURUSDc"": -0.43, ""AUDJPYc"": -0.14, ""EURNZDc"": 0.11, ""USDCHFc"": -8.09}",5
263006287,2025-07-25T00:35:49.272729,11.24,"{""NZDUSDc"": -2.34, ""GBPJPYc"": 7.59, ""EURCADc"": -1.05, ""AUDCHFc"": 7.38, ""EURUSDc"": -0.32}",5
183459647,2025-07-25T00:35:59.265284,-0.62,"{""GBPCADc"": 9.55, ""EURUSDc"": -0.39, ""AUDJPYc"": -0.14, ""EURNZDc"": 0.1, ""USDCHFc"": -8.01}",5
263006287,2025-07-25T00:35:59.280527,11.36,"{""NZDUSDc"": -2.31, ""GBPJPYc"": 7.58, ""EURCADc"": -1.03, ""AUDCHFc"": 7.42, ""EURUSDc"": -0.28}",5
263006287,2025-07-25T00:36:09.288184,11.31,"{""NZDUSDc"": -2.3, ""GBPJPYc"": 7.58, ""EURCADc"": -1.03, ""AUDCHFc"": 7.37, ""EURUSDc"": -0.29}",5
183459647,2025-07-25T00:36:09.288184,-0.71,"{""GBPCADc"": 9.56, ""EURUSDc"": -0.4, ""AUDJPYc"": -0.16, ""EURNZDc"": 0.08, ""USDCHFc"": -8.06}",5
183459647,2025-07-25T00:36:19.310140,-0.63,"{""GBPCADc"": 9.49, ""EURUSDc"": -0.32, ""AUDJPYc"": -0.16, ""EURNZDc"": 0.1, ""USDCHFc"": -8.01}",5
263006287,2025-07-25T00:36:19.310140,11.46,"{""NZDUSDc"": -2.26, ""GBPJPYc"": 7.6, ""EURCADc"": -1.01, ""AUDCHFc"": 7.36, ""EURUSDc"": -0.21}",5
183459647,2025-07-25T00:36:29.326086,-0.68,"{""GBPCADc"": 9.48, ""EURUSDc"": -0.34, ""AUDJPYc"": -0.17, ""EURNZDc"": 0.1, ""USDCHFc"": -8.02}",5
263006287,2025-07-25T00:36:29.341005,11.42,"{""NZDUSDc"": -2.26, ""GBPJPYc"": 7.59, ""EURCADc"": -1.02, ""AUDCHFc"": 7.36, ""EURUSDc"": -0.23}",5
183459647,2025-07-25T00:36:39.343643,-0.67,"{""GBPCADc"": 9.52, ""EURUSDc"": -0.36, ""AUDJPYc"": -0.16, ""EURNZDc"": 0.08, ""USDCHFc"": -8.02}",5
263006287,2025-07-25T00:36:39.358307,11.34,"{""NZDUSDc"": -2.29, ""GBPJPYc"": 7.58, ""EURCADc"": -1.05, ""AUDCHFc"": 7.37, ""EURUSDc"": -0.25}",5
183459647,2025-07-25T00:36:49.365498,-0.64,"{""GBPCADc"": 9.5, ""EURUSDc"": -0.34, ""AUDJPYc"": -0.16, ""EURNZDc"": 0.06, ""USDCHFc"": -7.97}",5
263006287,2025-07-25T00:36:49.365498,11.38,"{""NZDUSDc"": -2.28, ""GBPJPYc"": 7.6, ""EURCADc"": -1.07, ""AUDCHFc"": 7.38, ""EURUSDc"": -0.23}",5
183459647,2025-07-25T00:36:59.381512,-0.7,"{""GBPCADc"": 9.48, ""EURUSDc"": -0.38, ""AUDJPYc"": -0.15, ""EURNZDc"": 0.07, ""USDCHFc"": -7.99}",5
263006287,2025-07-25T00:36:59.395919,11.34,"{""NZDUSDc"": -2.29, ""GBPJPYc"": 7.6, ""EURCADc"": -1.09, ""AUDCHFc"": 7.41, ""EURUSDc"": -0.27}",5
183459647,2025-07-25T00:37:09.403388,-0.76,"{""GBPCADc"": 9.44, ""EURUSDc"": -0.38, ""AUDJPYc"": -0.16, ""EURNZDc"": 0.06, ""USDCHFc"": -7.99}",5
263006287,2025-07-25T00:37:09.403388,11.34,"{""NZDUSDc"": -2.29, ""GBPJPYc"": 7.64, ""EURCADc"": -1.11, ""AUDCHFc"": 7.39, ""EURUSDc"": -0.27}",5
183459647,2025-07-25T00:37:19.418197,-0.95,"{""GBPCADc"": 9.46, ""EURUSDc"": -0.45, ""AUDJPYc"": -0.16, ""EURNZDc"": 0.03, ""USDCHFc"": -8.1}",5
263006287,2025-07-25T00:37:19.433146,11.11,"{""NZDUSDc"": -2.32, ""GBPJPYc"": 7.57, ""EURCADc"": -1.14, ""AUDCHFc"": 7.36, ""EURUSDc"": -0.34}",5
183459647,2025-07-25T00:37:29.432358,-0.8,"{""GBPCADc"": 9.46, ""EURUSDc"": -0.39, ""AUDJPYc"": -0.18, ""EURNZDc"": 0.08, ""USDCHFc"": -8.04}",5
263006287,2025-07-25T00:37:29.447976,11.28,"{""NZDUSDc"": -2.3, ""GBPJPYc"": 7.58, ""EURCADc"": -1.08, ""AUDCHFc"": 7.38, ""EURUSDc"": -0.28}",5
183459647,2025-07-25T00:37:39.447195,-0.68,"{""GBPCADc"": 9.5, ""EURUSDc"": -0.37, ""AUDJPYc"": -0.17, ""EURNZDc"": 0.1, ""USDCHFc"": -8.01}",5
263006287,2025-07-25T00:37:39.461875,11.28,"{""NZDUSDc"": -2.31, ""GBPJPYc"": 7.56, ""EURCADc"": -1.07, ""AUDCHFc"": 7.38, ""EURUSDc"": -0.26}",5
183459647,2025-07-25T00:37:49.466886,-0.73,"{""GBPCADc"": 9.5, ""EURUSDc"": -0.39, ""AUDJPYc"": -0.17, ""EURNZDc"": 0.08, ""USDCHFc"": -8.02}",5
263006287,2025-07-25T00:37:49.482367,11.24,"{""NZDUSDc"": -2.31, ""GBPJPYc"": 7.56, ""EURCADc"": -1.09, ""AUDCHFc"": 7.38, ""EURUSDc"": -0.28}",5
183459647,2025-07-25T00:37:59.488381,-0.76,"{""GBPCADc"": 9.52, ""EURUSDc"": -0.42, ""AUDJPYc"": -0.17, ""EURNZDc"": 0.05, ""USDCHFc"": -8.01}",5
263006287,2025-07-25T00:37:59.488381,11.19,"{""NZDUSDc"": -2.31, ""GBPJPYc"": 7.55, ""EURCADc"": -1.1, ""AUDCHFc"": 7.38, ""EURUSDc"": -0.31}",5
183459647,2025-07-25T00:38:09.511243,-0.77,"{""GBPCADc"": 9.5, ""EURUSDc"": -0.45, ""AUDJPYc"": -0.16, ""EURNZDc"": 0.08, ""USDCHFc"": -8.01}",5
263006287,2025-07-25T00:38:09.511243,11.17,"{""NZDUSDc"": -2.33, ""GBPJPYc"": 7.58, ""EURCADc"": -1.11, ""AUDCHFc"": 7.39, ""EURUSDc"": -0.34}",5
263006287,2025-07-25T00:38:19.537149,11.16,"{""NZDUSDc"": -2.33, ""GBPJPYc"": 7.59, ""EURCADc"": -1.13, ""AUDCHFc"": 7.39, ""EURUSDc"": -0.34}",5
183459647,2025-07-25T00:38:19.537149,-0.81,"{""GBPCADc"": 9.47, ""EURUSDc"": -0.45, ""AUDJPYc"": -0.16, ""EURNZDc"": 0.07, ""USDCHFc"": -8.01}",5
263006287,2025-07-25T00:38:31.282868,11.15,"{""NZDUSDc"": -2.33, ""GBPJPYc"": 7.59, ""EURCADc"": -1.14, ""AUDCHFc"": 7.39, ""EURUSDc"": -0.34}",5
183459647,2025-07-25T00:38:31.310226,-0.81,"{""GBPCADc"": 9.48, ""EURUSDc"": -0.45, ""AUDJPYc"": -0.16, ""EURNZDc"": 0.07, ""USDCHFc"": -8.02}",5
263006287,2025-07-25T00:38:41.298882,11.17,"{""NZDUSDc"": -2.33, ""GBPJPYc"": 7.62, ""EURCADc"": -1.14, ""AUDCHFc"": 7.39, ""EURUSDc"": -0.35}",5
183459647,2025-07-25T00:38:41.329453,-0.87,"{""GBPCADc"": 9.44, ""EURUSDc"": -0.46, ""AUDJPYc"": -0.16, ""EURNZDc"": 0.06, ""USDCHFc"": -8.02}",5
263006287,2025-07-25T00:38:51.313913,11.18,"{""NZDUSDc"": -2.33, ""GBPJPYc"": 7.61, ""EURCADc"": -1.12, ""AUDCHFc"": 7.38, ""EURUSDc"": -0.34}",5
183459647,2025-07-25T00:38:51.345323,-0.81,"{""GBPCADc"": 9.48, ""EURUSDc"": -0.45, ""AUDJPYc"": -0.16, ""EURNZDc"": 0.07, ""USDCHFc"": -8.02}",5
263006287,2025-07-25T00:39:01.335505,11.16,"{""NZDUSDc"": -2.33, ""GBPJPYc"": 7.6, ""EURCADc"": -1.14, ""AUDCHFc"": 7.39, ""EURUSDc"": -0.34}",5
183459647,2025-07-25T00:39:01.366854,-0.81,"{""GBPCADc"": 9.48, ""EURUSDc"": -0.45, ""AUDJPYc"": -0.16, ""EURNZDc"": 0.07, ""USDCHFc"": -8.02}",5
263006287,2025-07-25T00:39:11.362373,11.01,"{""NZDUSDc"": -2.36, ""GBPJPYc"": 7.62, ""EURCADc"": -1.14, ""AUDCHFc"": 7.36, ""EURUSDc"": -0.45}",5
183459647,2025-07-25T00:39:11.377740,-1.01,"{""GBPCADc"": 9.53, ""EURUSDc"": -0.56, ""AUDJPYc"": -0.17, ""EURNZDc"": 0.02, ""USDCHFc"": -8.1}",5
263006287,2025-07-25T00:39:21.088836,11.14,"{""NZDUSDc"": -2.36, ""GBPJPYc"": 7.64, ""EURCADc"": -1.09, ""AUDCHFc"": 7.37, ""EURUSDc"": -0.4}",5
183459647,2025-07-25T00:39:21.112067,-0.85,"{""GBPCADc"": 9.53, ""EURUSDc"": -0.51, ""AUDJPYc"": -0.16, ""EURNZDc"": 0.07, ""USDCHFc"": -8.05}",5
263006287,2025-07-25T00:39:31.116922,11.24,"{""NZDUSDc"": -2.35, ""GBPJPYc"": 7.66, ""EURCADc"": -1.06, ""AUDCHFc"": 7.38, ""EURUSDc"": -0.37}",5
183459647,2025-07-25T00:39:31.132646,-0.77,"{""GBPCADc"": 9.56, ""EURUSDc"": -0.48, ""AUDJPYc"": -0.16, ""EURNZDc"": 0.08, ""USDCHFc"": -8.04}",5
263006287,2025-07-25T00:39:41.135809,11.25,"{""NZDUSDc"": -2.35, ""GBPJPYc"": 7.67, ""EURCADc"": -1.06, ""AUDCHFc"": 7.38, ""EURUSDc"": -0.37}",5
183459647,2025-07-25T00:39:41.151180,-0.77,"{""GBPCADc"": 9.56, ""EURUSDc"": -0.48, ""AUDJPYc"": -0.16, ""EURNZDc"": 0.08, ""USDCHFc"": -8.04}",5
263006287,2025-07-25T00:39:51.868404,11.22,"{""NZDUSDc"": -2.36, ""GBPJPYc"": 7.67, ""EURCADc"": -1.07, ""AUDCHFc"": 7.38, ""EURUSDc"": -0.38}",5
183459647,2025-07-25T00:39:51.891682,-0.8,"{""GBPCADc"": 9.55, ""EURUSDc"": -0.49, ""AUDJPYc"": -0.16, ""EURNZDc"": 0.07, ""USDCHFc"": -8.04}",5
263006287,2025-07-25T00:40:01.888680,11.22,"{""NZDUSDc"": -2.35, ""GBPJPYc"": 7.68, ""EURCADc"": -1.08, ""AUDCHFc"": 7.37, ""EURUSDc"": -0.38}",5
183459647,2025-07-25T00:40:01.903751,-0.8,"{""GBPCADc"": 9.55, ""EURUSDc"": -0.49, ""AUDJPYc"": -0.15, ""EURNZDc"": 0.06, ""USDCHFc"": -8.04}",5
263006287,2025-07-25T00:40:11.914988,11.24,"{""NZDUSDc"": -2.34, ""GBPJPYc"": 7.7, ""EURCADc"": -1.09, ""AUDCHFc"": 7.37, ""EURUSDc"": -0.38}",5
183459647,2025-07-25T00:40:11.914988,-0.81,"{""GBPCADc"": 9.54, ""EURUSDc"": -0.49, ""AUDJPYc"": -0.17, ""EURNZDc"": 0.06, ""USDCHFc"": -8.02}",5
263006287,2025-07-25T00:40:21.936878,11.17,"{""NZDUSDc"": -2.35, ""GBPJPYc"": 7.74, ""EURCADc"": -1.12, ""AUDCHFc"": 7.36, ""EURUSDc"": -0.44}",5
183459647,2025-07-25T00:40:21.937881,-0.97,"{""GBPCADc"": 9.49, ""EURUSDc"": -0.55, ""AUDJPYc"": -0.15, ""EURNZDc"": 0.01, ""USDCHFc"": -8.04}",5
263006287,2025-07-25T00:40:31.952754,11.28,"{""NZDUSDc"": -2.36, ""GBPJPYc"": 7.84, ""EURCADc"": -1.12, ""AUDCHFc"": 7.37, ""EURUSDc"": -0.43}",5
183459647,2025-07-25T00:40:31.971489,-1.11,"{""GBPCADc"": 9.36, ""EURUSDc"": -0.54, ""AUDJPYc"": -0.16, ""EURNZDc"": 0.01, ""USDCHFc"": -8.05}",5
263006287,2025-07-25T00:40:41.970487,11.37,"{""NZDUSDc"": -2.35, ""GBPJPYc"": 7.8, ""EURCADc"": -1.09, ""AUDCHFc"": 7.41, ""EURUSDc"": -0.38}",5
183459647,2025-07-25T00:40:41.986407,-0.87,"{""GBPCADc"": 9.43, ""EURUSDc"": -0.49, ""AUDJPYc"": -0.16, ""EURNZDc"": 0.05, ""USDCHFc"": -7.97}",5
263006287,2025-07-25T00:40:51.990748,11.36,"{""NZDUSDc"": -2.35, ""GBPJPYc"": 7.79, ""EURCADc"": -1.08, ""AUDCHFc"": 7.41, ""EURUSDc"": -0.39}",5
183459647,2025-07-25T00:40:52.006772,-0.85,"{""GBPCADc"": 9.45, ""EURUSDc"": -0.5, ""AUDJPYc"": -0.16, ""EURNZDc"": 0.06, ""USDCHFc"": -7.97}",5
263006287,2025-07-25T00:41:01.998755,11.26,"{""NZDUSDc"": -2.37, ""GBPJPYc"": 7.83, ""EURCADc"": -1.1, ""AUDCHFc"": 7.37, ""EURUSDc"": -0.45}",5
183459647,2025-07-25T00:41:02.014262,-1.07,"{""GBPCADc"": 9.42, ""EURUSDc"": -0.56, ""AUDJPYc"": -0.16, ""EURNZDc"": 0.02, ""USDCHFc"": -8.06}",5
263006287,2025-07-25T00:41:12.020082,11.26,"{""NZDUSDc"": -2.37, ""GBPJPYc"": 7.83, ""EURCADc"": -1.08, ""AUDCHFc"": 7.37, ""EURUSDc"": -0.47}",5
183459647,2025-07-25T00:41:12.033521,-1.09,"{""GBPCADc"": 9.44, ""EURUSDc"": -0.58, ""AUDJPYc"": -0.16, ""EURNZDc"": 0.0, ""USDCHFc"": -8.06}",5
263006287,2025-07-25T00:41:22.041733,11.3,"{""NZDUSDc"": -2.37, ""GBPJPYc"": 7.88, ""EURCADc"": -1.08, ""AUDCHFc"": 7.37, ""EURUSDc"": -0.48}",5
183459647,2025-07-25T00:41:22.056752,-1.09,"{""GBPCADc"": 9.44, ""EURUSDc"": -0.59, ""AUDJPYc"": -0.16, ""EURNZDc"": 0.01, ""USDCHFc"": -8.06}",5
263006287,2025-07-25T00:41:32.054684,11.21,"{""NZDUSDc"": -2.38, ""GBPJPYc"": 7.85, ""EURCADc"": -1.11, ""AUDCHFc"": 7.37, ""EURUSDc"": -0.5}",5
183459647,2025-07-25T00:41:32.070968,-1.13,"{""GBPCADc"": 9.45, ""EURUSDc"": -0.61, ""AUDJPYc"": -0.16, ""EURNZDc"": 0.0, ""USDCHFc"": -8.08}",5
263006287,2025-07-25T00:41:35.607202,11.26,"{""NZDUSDc"": -2.38, ""GBPJPYc"": 7.87, ""EURCADc"": -1.09, ""AUDCHFc"": 7.36, ""EURUSDc"": -0.48}",5
183459647,2025-07-25T00:41:35.637014,-1.08,"{""GBPCADc"": 9.45, ""EURUSDc"": -0.59, ""AUDJPYc"": -0.14, ""EURNZDc"": -0.01, ""USDCHFc"": -8.06}",5
263006287,2025-07-25T00:41:45.629410,11.18,"{""NZDUSDc"": -2.38, ""GBPJPYc"": 7.88, ""EURCADc"": -1.11, ""AUDCHFc"": 7.37, ""EURUSDc"": -0.56}",5
183459647,2025-07-25T00:41:45.660022,-1.25,"{""GBPCADc"": 9.45, ""EURUSDc"": -0.67, ""AUDJPYc"": -0.17, ""EURNZDc"": -0.07, ""USDCHFc"": -8.06}",5
263006287,2025-07-25T00:41:55.645200,11.18,"{""NZDUSDc"": -2.39, ""GBPJPYc"": 7.88, ""EURCADc"": -1.1, ""AUDCHFc"": 7.37, ""EURUSDc"": -0.56}",5
183459647,2025-07-25T00:41:55.675981,-1.21,"{""GBPCADc"": 9.45, ""EURUSDc"": -0.67, ""AUDJPYc"": -0.16, ""EURNZDc"": -0.05, ""USDCHFc"": -8.05}",5
263006287,2025-07-25T00:42:05.666069,11.13,"{""NZDUSDc"": -2.4, ""GBPJPYc"": 7.96, ""EURCADc"": -1.14, ""AUDCHFc"": 7.36, ""EURUSDc"": -0.63}",5
183459647,2025-07-25T00:42:05.681971,-1.41,"{""GBPCADc"": 9.41, ""EURUSDc"": -0.74, ""AUDJPYc"": -0.16, ""EURNZDc"": -0.1, ""USDCHFc"": -8.09}",5
263006287,2025-07-25T00:42:15.681974,11.38,"{""NZDUSDc"": -2.38, ""GBPJPYc"": 7.98, ""EURCADc"": -1.06, ""AUDCHFc"": 7.39, ""EURUSDc"": -0.53}",5
183459647,2025-07-25T00:42:15.710140,-1.15,"{""GBPCADc"": 9.44, ""EURUSDc"": -0.64, ""AUDJPYc"": -0.14, ""EURNZDc"": -0.04, ""USDCHFc"": -8.04}",5
263006287,2025-07-25T00:42:25.709283,11.33,"{""NZDUSDc"": -2.38, ""GBPJPYc"": 7.93, ""EURCADc"": -1.06, ""AUDCHFc"": 7.39, ""EURUSDc"": -0.53}",5
183459647,2025-07-25T00:42:25.725026,-1.17,"{""GBPCADc"": 9.43, ""EURUSDc"": -0.64, ""AUDJPYc"": -0.15, ""EURNZDc"": -0.04, ""USDCHFc"": -8.04}",5
263006287,2025-07-25T00:42:35.722620,11.29,"{""NZDUSDc"": -2.38, ""GBPJPYc"": 7.92, ""EURCADc"": -1.08, ""AUDCHFc"": 7.39, ""EURUSDc"": -0.54}",5
183459647,2025-07-25T00:42:35.738278,-1.2,"{""GBPCADc"": 9.42, ""EURUSDc"": -0.65, ""AUDJPYc"": -0.16, ""EURNZDc"": -0.04, ""USDCHFc"": -8.04}",5
263006287,2025-07-25T00:42:45.732915,11.27,"{""NZDUSDc"": -2.38, ""GBPJPYc"": 7.9, ""EURCADc"": -1.08, ""AUDCHFc"": 7.38, ""EURUSDc"": -0.53}",5
183459647,2025-07-25T00:42:45.748024,-1.2,"{""GBPCADc"": 9.42, ""EURUSDc"": -0.64, ""AUDJPYc"": -0.16, ""EURNZDc"": -0.04, ""USDCHFc"": -8.05}",5
183459647,2025-07-25T00:42:55.754301,-1.19,"{""GBPCADc"": 9.45, ""EURUSDc"": -0.65, ""AUDJPYc"": -0.16, ""EURNZDc"": -0.05, ""USDCHFc"": -8.05}",5
263006287,2025-07-25T00:42:55.754301,11.28,"{""NZDUSDc"": -2.38, ""GBPJPYc"": 7.91, ""EURCADc"": -1.07, ""AUDCHFc"": 7.38, ""EURUSDc"": -0.54}",5
183459647,2025-07-25T00:43:05.768098,-1.18,"{""GBPCADc"": 9.44, ""EURUSDc"": -0.65, ""AUDJPYc"": -0.15, ""EURNZDc"": -0.05, ""USDCHFc"": -8.04}",5
263006287,2025-07-25T00:43:05.782922,11.31,"{""NZDUSDc"": -2.38, ""GBPJPYc"": 7.93, ""EURCADc"": -1.07, ""AUDCHFc"": 7.39, ""EURUSDc"": -0.54}",5
183459647,2025-07-25T00:43:15.792160,-0.91,"{""GBPCADc"": 9.59, ""EURUSDc"": -0.61, ""AUDJPYc"": -0.14, ""EURNZDc"": -0.02, ""USDCHFc"": -8.0}",5
263006287,2025-07-25T00:43:15.806859,11.4,"{""NZDUSDc"": -2.38, ""GBPJPYc"": 7.85, ""EURCADc"": -0.97, ""AUDCHFc"": 7.42, ""EURUSDc"": -0.5}",5
183459647,2025-07-25T00:43:25.803082,-0.84,"{""GBPCADc"": 9.65, ""EURUSDc"": -0.57, ""AUDJPYc"": -0.15, ""EURNZDc"": -0.08, ""USDCHFc"": -7.96}",5
263006287,2025-07-25T00:43:25.819150,11.47,"{""NZDUSDc"": -2.33, ""GBPJPYc"": 7.82, ""EURCADc"": -0.95, ""AUDCHFc"": 7.41, ""EURUSDc"": -0.46}",5
183459647,2025-07-25T00:43:35.817244,-0.86,"{""GBPCADc"": 9.65, ""EURUSDc"": -0.59, ""AUDJPYc"": -0.15, ""EURNZDc"": -0.07, ""USDCHFc"": -7.97}",5
263006287,2025-07-25T00:43:35.832532,11.49,"{""NZDUSDc"": -2.36, ""GBPJPYc"": 7.89, ""EURCADc"": -0.95, ""AUDCHFc"": 7.41, ""EURUSDc"": -0.48}",5
183459647,2025-07-25T00:43:45.837778,-1.08,"{""GBPCADc"": 9.53, ""EURUSDc"": -0.65, ""AUDJPYc"": -0.14, ""EURNZDc"": -0.1, ""USDCHFc"": -7.99}",5
263006287,2025-07-25T00:43:45.853249,11.53,"{""NZDUSDc"": -2.35, ""GBPJPYc"": 8.0, ""EURCADc"": -0.97, ""AUDCHFc"": 7.41, ""EURUSDc"": -0.54}",5
183459647,2025-07-25T00:43:55.857766,-1.06,"{""GBPCADc"": 9.54, ""EURUSDc"": -0.65, ""AUDJPYc"": -0.14, ""EURNZDc"": -0.09, ""USDCHFc"": -7.99}",5
263006287,2025-07-25T00:43:55.873006,11.53,"{""NZDUSDc"": -2.35, ""GBPJPYc"": 8.0, ""EURCADc"": -0.98, ""AUDCHFc"": 7.42, ""EURUSDc"": -0.54}",5
263006287,2025-07-25T00:44:05.879837,11.51,"{""NZDUSDc"": -2.35, ""GBPJPYc"": 7.98, ""EURCADc"": -0.97, ""AUDCHFc"": 7.42, ""EURUSDc"": -0.55}",5
183459647,2025-07-25T00:44:05.880838,-1.04,"{""GBPCADc"": 9.55, ""EURUSDc"": -0.66, ""AUDJPYc"": -0.14, ""EURNZDc"": -0.09, ""USDCHFc"": -7.97}",5
183459647,2025-07-25T00:44:15.906609,-1.25,"{""GBPCADc"": 9.43, ""EURUSDc"": -0.7, ""AUDJPYc"": -0.12, ""EURNZDc"": -0.11, ""USDCHFc"": -8.02}",5
263006287,2025-07-25T00:44:15.906609,11.5,"{""NZDUSDc"": -2.38, ""GBPJPYc"": 8.11, ""EURCADc"": -1.03, ""AUDCHFc"": 7.41, ""EURUSDc"": -0.59}",5
183459647,2025-07-25T00:44:25.926004,-1.3,"{""GBPCADc"": 9.43, ""EURUSDc"": -0.75, ""AUDJPYc"": -0.12, ""EURNZDc"": -0.11, ""USDCHFc"": -8.02}",5
263006287,2025-07-25T00:44:25.940720,11.43,"{""NZDUSDc"": -2.38, ""GBPJPYc"": 8.11, ""EURCADc"": -1.06, ""AUDCHFc"": 7.42, ""EURUSDc"": -0.64}",5
183459647,2025-07-25T00:44:35.936576,-1.23,"{""GBPCADc"": 9.49, ""EURUSDc"": -0.76, ""AUDJPYc"": -0.11, ""EURNZDc"": -0.1, ""USDCHFc"": -8.02}",5
263006287,2025-07-25T00:44:35.951992,11.46,"{""NZDUSDc"": -2.39, ""GBPJPYc"": 8.12, ""EURCADc"": -1.01, ""AUDCHFc"": 7.41, ""EURUSDc"": -0.65}",5
263006287,2025-07-25T00:44:47.868721,11.41,"{""NZDUSDc"": -2.39, ""GBPJPYc"": 8.11, ""EURCADc"": -1.01, ""AUDCHFc"": 7.37, ""EURUSDc"": -0.65}",5
183459647,2025-07-25T00:44:47.868721,-1.32,"{""GBPCADc"": 9.5, ""EURUSDc"": -0.76, ""AUDJPYc"": -0.12, ""EURNZDc"": -0.13, ""USDCHFc"": -8.08}",5
263006287,2025-07-25T00:44:57.885642,11.4,"{""NZDUSDc"": -2.39, ""GBPJPYc"": 8.11, ""EURCADc"": -1.01, ""AUDCHFc"": 7.38, ""EURUSDc"": -0.67}",5
183459647,2025-07-25T00:44:57.900808,-1.34,"{""GBPCADc"": 9.5, ""EURUSDc"": -0.78, ""AUDJPYc"": -0.12, ""EURNZDc"": -0.13, ""USDCHFc"": -8.08}",5
263006287,2025-07-25T00:45:07.911834,11.38,"{""NZDUSDc"": -2.39, ""GBPJPYc"": 8.09, ""EURCADc"": -1.02, ""AUDCHFc"": 7.38, ""EURUSDc"": -0.66}",5
183459647,2025-07-25T00:45:07.911834,-1.3,"{""GBPCADc"": 9.53, ""EURUSDc"": -0.77, ""AUDJPYc"": -0.12, ""EURNZDc"": -0.13, ""USDCHFc"": -8.08}",5
263006287,2025-07-25T00:45:17.931634,11.11,"{""NZDUSDc"": -2.46, ""GBPJPYc"": 8.05, ""EURCADc"": -1.1, ""AUDCHFc"": 7.42, ""EURUSDc"": -0.78}",5
183459647,2025-07-25T00:45:17.946098,-1.49,"{""GBPCADc"": 9.45, ""EURUSDc"": -0.89, ""AUDJPYc"": -0.08, ""EURNZDc"": -0.11, ""USDCHFc"": -8.13}",5
263006287,2025-07-25T00:45:27.954729,10.76,"{""NZDUSDc"": -2.5, ""GBPJPYc"": 8.07, ""EURCADc"": -1.23, ""AUDCHFc"": 7.36, ""EURUSDc"": -0.92}",5
183459647,2025-07-25T00:45:27.954729,-1.94,"{""GBPCADc"": 9.36, ""EURUSDc"": -1.03, ""AUDJPYc"": -0.09, ""EURNZDc"": -0.16, ""USDCHFc"": -8.29}",5
263006287,2025-07-25T00:45:36.169324,10.59,"{""NZDUSDc"": -2.53, ""GBPJPYc"": 7.98, ""EURCADc"": -1.26, ""AUDCHFc"": 7.36, ""EURUSDc"": -0.94}",5
183459647,2025-07-25T00:45:36.200000,-2.06,"{""GBPCADc"": 9.36, ""EURUSDc"": -1.05, ""AUDJPYc"": -0.1, ""EURNZDc"": -0.17, ""USDCHFc"": -8.37}",5
263006287,2025-07-25T00:45:46.195601,10.54,"{""NZDUSDc"": -2.54, ""GBPJPYc"": 7.95, ""EURCADc"": -1.26, ""AUDCHFc"": 7.38, ""EURUSDc"": -0.97}",5
183459647,2025-07-25T00:45:46.211061,-2.08,"{""GBPCADc"": 9.38, ""EURUSDc"": -1.08, ""AUDJPYc"": -0.12, ""EURNZDc"": -0.16, ""USDCHFc"": -8.37}",5
263006287,2025-07-25T00:45:56.218703,10.47,"{""NZDUSDc"": -2.53, ""GBPJPYc"": 7.9, ""EURCADc"": -1.28, ""AUDCHFc"": 7.38, ""EURUSDc"": -0.98}",5
183459647,2025-07-25T00:45:56.232839,-2.07,"{""GBPCADc"": 9.41, ""EURUSDc"": -1.09, ""AUDJPYc"": -0.12, ""EURNZDc"": -0.18, ""USDCHFc"": -8.36}",5
263006287,2025-07-25T00:46:06.235851,10.63,"{""NZDUSDc"": -2.47, ""GBPJPYc"": 7.8, ""EURCADc"": -1.25, ""AUDCHFc"": 7.41, ""EURUSDc"": -0.84}",5
183459647,2025-07-25T00:46:06.251274,-1.69,"{""GBPCADc"": 9.53, ""EURUSDc"": -0.95, ""AUDJPYc"": -0.14, ""EURNZDc"": -0.2, ""USDCHFc"": -8.2}",5
263006287,2025-07-25T00:46:16.258446,10.7,"{""NZDUSDc"": -2.48, ""GBPJPYc"": 7.78, ""EURCADc"": -1.21, ""AUDCHFc"": 7.46, ""EURUSDc"": -0.83}",5
183459647,2025-07-25T00:46:16.258446,-1.5899999999999999,"{""GBPCADc"": 9.52, ""EURUSDc"": -0.94, ""AUDJPYc"": -0.13, ""EURNZDc"": -0.16, ""USDCHFc"": -8.15}",5
263006287,2025-07-25T00:46:26.271514,10.74,"{""NZDUSDc"": -2.48, ""GBPJPYc"": 7.81, ""EURCADc"": -1.21, ""AUDCHFc"": 7.47, ""EURUSDc"": -0.83}",5
183459647,2025-07-25T00:46:26.287567,-1.54,"{""GBPCADc"": 9.52, ""EURUSDc"": -0.94, ""AUDJPYc"": -0.12, ""EURNZDc"": -0.14, ""USDCHFc"": -8.13}",5
263006287,2025-07-25T00:46:36.287218,10.85,"{""NZDUSDc"": -2.45, ""GBPJPYc"": 7.68, ""EURCADc"": -1.11, ""AUDCHFc"": 7.48, ""EURUSDc"": -0.73}",5
183459647,2025-07-25T00:46:36.302141,-1.24,"{""GBPCADc"": 9.65, ""EURUSDc"": -0.84, ""AUDJPYc"": -0.15, ""EURNZDc"": -0.09, ""USDCHFc"": -8.08}",5
263006287,2025-07-25T00:46:46.310455,10.86,"{""NZDUSDc"": -2.4, ""GBPJPYc"": 7.62, ""EURCADc"": -1.1, ""AUDCHFc"": 7.46, ""EURUSDc"": -0.7}",5
183459647,2025-07-25T00:46:46.310455,-1.2,"{""GBPCADc"": 9.73, ""EURUSDc"": -0.81, ""AUDJPYc"": -0.17, ""EURNZDc"": -0.17, ""USDCHFc"": -8.05}",5
263006287,2025-07-25T00:46:56.329645,10.79,"{""NZDUSDc"": -2.43, ""GBPJPYc"": 7.62, ""EURCADc"": -1.11, ""AUDCHFc"": 7.46, ""EURUSDc"": -0.73}",5
183459647,2025-07-25T00:46:56.344016,-1.2,"{""GBPCADc"": 9.72, ""EURUSDc"": -0.84, ""AUDJPYc"": -0.16, ""EURNZDc"": -0.14, ""USDCHFc"": -8.05}",5
263006287,2025-07-25T00:47:06.359661,10.91,"{""NZDUSDc"": -2.43, ""GBPJPYc"": 7.68, ""EURCADc"": -1.1, ""AUDCHFc"": 7.51, ""EURUSDc"": -0.73}",5
183459647,2025-07-25T00:47:06.359661,-1.11,"{""GBPCADc"": 9.73, ""EURUSDc"": -0.84, ""AUDJPYc"": -0.12, ""EURNZDc"": -0.13, ""USDCHFc"": -8.02}",5
183459647,2025-07-25T00:47:16.381590,-0.91,"{""GBPCADc"": 9.79, ""EURUSDc"": -0.74, ""AUDJPYc"": -0.12, ""EURNZDc"": -0.11, ""USDCHFc"": -8.0}",5
263006287,2025-07-25T00:47:16.392153,11.06,"{""NZDUSDc"": -2.39, ""GBPJPYc"": 7.66, ""EURCADc"": -1.04, ""AUDCHFc"": 7.48, ""EURUSDc"": -0.63}",5
263006287,2025-07-25T00:47:26.397300,11.0,"{""NZDUSDc"": -2.4, ""GBPJPYc"": 7.63, ""EURCADc"": -1.06, ""AUDCHFc"": 7.48, ""EURUSDc"": -0.63}",5
183459647,2025-07-25T00:47:26.397300,-0.9,"{""GBPCADc"": 9.77, ""EURUSDc"": -0.74, ""AUDJPYc"": -0.11, ""EURNZDc"": -0.08, ""USDCHFc"": -8.01}",5
263006287,2025-07-25T00:47:36.419382,10.96,"{""NZDUSDc"": -2.41, ""GBPJPYc"": 7.56, ""EURCADc"": -1.06, ""AUDCHFc"": 7.51, ""EURUSDc"": -0.62}",5
183459647,2025-07-25T00:47:36.446799,-0.9,"{""GBPCADc"": 9.76, ""EURUSDc"": -0.73, ""AUDJPYc"": -0.13, ""EURNZDc"": -0.08, ""USDCHFc"": -7.99}",5
263006287,2025-07-25T00:47:46.443926,10.95,"{""NZDUSDc"": -2.4, ""GBPJPYc"": 7.56, ""EURCADc"": -1.07, ""AUDCHFc"": 7.51, ""EURUSDc"": -0.63}",5
183459647,2025-07-25T00:47:46.458558,-0.92,"{""GBPCADc"": 9.76, ""EURUSDc"": -0.74, ""AUDJPYc"": -0.13, ""EURNZDc"": -0.08, ""USDCHFc"": -8.0}",5
263006287,2025-07-25T00:47:56.455098,10.98,"{""NZDUSDc"": -2.4, ""GBPJPYc"": 7.58, ""EURCADc"": -1.07, ""AUDCHFc"": 7.51, ""EURUSDc"": -0.62}",5
183459647,2025-07-25T00:47:56.467808,-0.9,"{""GBPCADc"": 9.76, ""EURUSDc"": -0.73, ""AUDJPYc"": -0.12, ""EURNZDc"": -0.08, ""USDCHFc"": -8.0}",5
263006287,2025-07-25T00:48:06.464228,10.95,"{""NZDUSDc"": -2.41, ""GBPJPYc"": 7.55, ""EURCADc"": -1.07, ""AUDCHFc"": 7.53, ""EURUSDc"": -0.63}",5
183459647,2025-07-25T00:48:06.479875,-0.9,"{""GBPCADc"": 9.76, ""EURUSDc"": -0.74, ""AUDJPYc"": -0.11, ""EURNZDc"": -0.08, ""USDCHFc"": -8.0}",5
263006287,2025-07-25T00:48:16.479867,10.97,"{""NZDUSDc"": -2.41, ""GBPJPYc"": 7.58, ""EURCADc"": -1.07, ""AUDCHFc"": 7.52, ""EURUSDc"": -0.63}",5
183459647,2025-07-25T00:48:16.495176,-0.89,"{""GBPCADc"": 9.76, ""EURUSDc"": -0.74, ""AUDJPYc"": -0.1, ""EURNZDc"": -0.08, ""USDCHFc"": -8.0}",5
263006287,2025-07-25T00:48:26.509965,11.07,"{""NZDUSDc"": -2.4, ""GBPJPYc"": 7.64, ""EURCADc"": -1.04, ""AUDCHFc"": 7.49, ""EURUSDc"": -0.6}",5
183459647,2025-07-25T00:48:26.509965,-0.84,"{""GBPCADc"": 9.77, ""EURUSDc"": -0.71, ""AUDJPYc"": -0.1, ""EURNZDc"": -0.07, ""USDCHFc"": -8.0}",5
263006287,2025-07-25T00:48:36.539772,11.12,"{""NZDUSDc"": -2.41, ""GBPJPYc"": 7.64, ""EURCADc"": -1.03, ""AUDCHFc"": 7.52, ""EURUSDc"": -0.58}",5
183459647,2025-07-25T00:48:36.554984,-0.72,"{""GBPCADc"": 9.79, ""EURUSDc"": -0.69, ""AUDJPYc"": -0.05, ""EURNZDc"": -0.04, ""USDCHFc"": -8.0}",5
263006287,2025-07-25T00:48:46.553008,11.12,"{""NZDUSDc"": -2.4, ""GBPJPYc"": 7.64, ""EURCADc"": -1.03, ""AUDCHFc"": 7.51, ""EURUSDc"": -0.58}",5
183459647,2025-07-25T00:48:46.568647,-0.77,"{""GBPCADc"": 9.79, ""EURUSDc"": -0.69, ""AUDJPYc"": -0.07, ""EURNZDc"": -0.07, ""USDCHFc"": -8.0}",5
263006287,2025-07-25T00:48:56.566838,11.07,"{""NZDUSDc"": -2.4, ""GBPJPYc"": 7.6, ""EURCADc"": -1.02, ""AUDCHFc"": 7.48, ""EURUSDc"": -0.57}",5
183459647,2025-07-25T00:48:56.582084,-0.77,"{""GBPCADc"": 9.79, ""EURUSDc"": -0.68, ""AUDJPYc"": -0.08, ""EURNZDc"": -0.02, ""USDCHFc"": -8.05}",5
263006287,2025-07-25T00:49:06.580111,11.12,"{""NZDUSDc"": -2.39, ""GBPJPYc"": 7.63, ""EURCADc"": -0.99, ""AUDCHFc"": 7.49, ""EURUSDc"": -0.6}",5
183459647,2025-07-25T00:49:06.595187,-0.69,"{""GBPCADc"": 9.84, ""EURUSDc"": -0.71, ""AUDJPYc"": -0.05, ""EURNZDc"": -0.02, ""USDCHFc"": -8.02}",5
183459647,2025-07-25T00:49:16.607934,-0.68,"{""GBPCADc"": 9.84, ""EURUSDc"": -0.65, ""AUDJPYc"": -0.07, ""EURNZDc"": -0.05, ""USDCHFc"": -8.02}",5
263006287,2025-07-25T00:49:16.607934,11.1,"{""NZDUSDc"": -2.39, ""GBPJPYc"": 7.62, ""EURCADc"": -1.05, ""AUDCHFc"": 7.48, ""EURUSDc"": -0.54}",5
183459647,2025-07-25T00:49:26.641667,-0.66,"{""GBPCADc"": 9.8, ""EURUSDc"": -0.64, ""AUDJPYc"": -0.07, ""EURNZDc"": -0.03, ""USDCHFc"": -7.99}",5
263006287,2025-07-25T00:49:26.656136,11.17,"{""NZDUSDc"": -2.38, ""GBPJPYc"": 7.63, ""EURCADc"": -1.02, ""AUDCHFc"": 7.49, ""EURUSDc"": -0.53}",5
183459647,2025-07-25T00:49:36.660140,-0.65,"{""GBPCADc"": 9.78, ""EURUSDc"": -0.65, ""AUDJPYc"": -0.05, ""EURNZDc"": 0.0, ""USDCHFc"": -8.0}",5
263006287,2025-07-25T00:49:36.675167,11.24,"{""NZDUSDc"": -2.4, ""GBPJPYc"": 7.68, ""EURCADc"": -0.99, ""AUDCHFc"": 7.51, ""EURUSDc"": -0.54}",5
183459647,2025-07-25T00:49:46.668189,-0.58,"{""GBPCADc"": 9.8, ""EURUSDc"": -0.63, ""AUDJPYc"": -0.05, ""EURNZDc"": 0.02, ""USDCHFc"": -7.99}",5
263006287,2025-07-25T00:49:46.683701,11.26,"{""NZDUSDc"": -2.4, ""GBPJPYc"": 7.67, ""EURCADc"": -0.98, ""AUDCHFc"": 7.51, ""EURUSDc"": -0.52}",5
183459647,2025-07-25T00:49:56.681983,-0.6,"{""GBPCADc"": 9.75, ""EURUSDc"": -0.64, ""AUDJPYc"": -0.03, ""EURNZDc"": 0.05, ""USDCHFc"": -8.0}",5
263006287,2025-07-25T00:49:56.698553,11.26,"{""NZDUSDc"": -2.43, ""GBPJPYc"": 7.7, ""EURCADc"": -0.99, ""AUDCHFc"": 7.53, ""EURUSDc"": -0.53}",5
183459647,2025-07-25T00:50:06.693122,-0.53,"{""GBPCADc"": 9.78, ""EURUSDc"": -0.64, ""AUDJPYc"": 0.01, ""EURNZDc"": 0.05, ""USDCHFc"": -8.0}",5
263006287,2025-07-25T00:50:06.709914,11.31,"{""NZDUSDc"": -2.42, ""GBPJPYc"": 7.74, ""EURCADc"": -0.99, ""AUDCHFc"": 7.53, ""EURUSDc"": -0.53}",5
183459647,2025-07-25T00:50:16.703466,-0.54,"{""GBPCADc"": 9.79, ""EURUSDc"": -0.69, ""AUDJPYc"": 0.01, ""EURNZDc"": 0.1, ""USDCHFc"": -8.02}",5
263006287,2025-07-25T00:50:16.730699,11.19,"{""NZDUSDc"": -2.47, ""GBPJPYc"": 7.73, ""EURCADc"": -1.02, ""AUDCHFc"": 7.55, ""EURUSDc"": -0.58}",5
183459647,2025-07-25T00:50:26.723393,-0.6,"{""GBPCADc"": 9.79, ""EURUSDc"": -0.69, ""AUDJPYc"": 0.01, ""EURNZDc"": 0.04, ""USDCHFc"": -8.02}",5
263006287,2025-07-25T00:50:26.739932,11.21,"{""NZDUSDc"": -2.45, ""GBPJPYc"": 7.76, ""EURCADc"": -1.03, ""AUDCHFc"": 7.53, ""EURUSDc"": -0.58}",5
183459647,2025-07-25T00:50:36.731424,-0.57,"{""GBPCADc"": 9.79, ""EURUSDc"": -0.68, ""AUDJPYc"": 0.02, ""EURNZDc"": 0.05, ""USDCHFc"": -8.02}",5
263006287,2025-07-25T00:50:36.747012,11.23,"{""NZDUSDc"": -2.45, ""GBPJPYc"": 7.77, ""EURCADc"": -1.02, ""AUDCHFc"": 7.52, ""EURUSDc"": -0.57}",5
183459647,2025-07-25T00:50:46.751278,-0.48,"{""GBPCADc"": 9.84, ""EURUSDc"": -0.69, ""AUDJPYc"": 0.03, ""EURNZDc"": 0.08, ""USDCHFc"": -8.01}",5
263006287,2025-07-25T00:50:46.767408,11.27,"{""NZDUSDc"": -2.46, ""GBPJPYc"": 7.78, ""EURCADc"": -0.98, ""AUDCHFc"": 7.53, ""EURUSDc"": -0.58}",5
183459647,2025-07-25T00:50:56.772049,-0.51,"{""GBPCADc"": 9.86, ""EURUSDc"": -0.69, ""AUDJPYc"": 0.02, ""EURNZDc"": 0.04, ""USDCHFc"": -8.01}",5
263006287,2025-07-25T00:50:56.787211,11.28,"{""NZDUSDc"": -2.45, ""GBPJPYc"": 7.79, ""EURCADc"": -0.99, ""AUDCHFc"": 7.53, ""EURUSDc"": -0.58}",5
263006287,2025-07-25T00:51:06.792668,11.18,"{""NZDUSDc"": -2.45, ""GBPJPYc"": 7.79, ""EURCADc"": -1.03, ""AUDCHFc"": 7.53, ""EURUSDc"": -0.64}",5
183459647,2025-07-25T00:51:06.792668,-0.62,"{""GBPCADc"": 9.85, ""EURUSDc"": -0.75, ""AUDJPYc"": 0.01, ""EURNZDc"": 0.01, ""USDCHFc"": -8.01}",5
263006287,2025-07-25T00:51:16.811320,11.2,"{""NZDUSDc"": -2.42, ""GBPJPYc"": 7.74, ""EURCADc"": -1.03, ""AUDCHFc"": 7.51, ""EURUSDc"": -0.58}",5
183459647,2025-07-25T00:51:16.825520,-0.59,"{""GBPCADc"": 9.84, ""EURUSDc"": -0.69, ""AUDJPYc"": -0.01, ""EURNZDc"": -0.01, ""USDCHFc"": -7.99}",5
263006287,2025-07-25T00:51:26.826322,10.99,"{""NZDUSDc"": -2.45, ""GBPJPYc"": 7.68, ""EURCADc"": -1.08, ""AUDCHFc"": 7.51, ""EURUSDc"": -0.65}",5
183459647,2025-07-25T00:51:26.834358,-0.78,"{""GBPCADc"": 9.79, ""EURUSDc"": -0.76, ""AUDJPYc"": -0.03, ""EURNZDc"": -0.01, ""USDCHFc"": -8.04}",5
263006287,2025-07-25T00:51:36.845219,10.72,"{""NZDUSDc"": -2.48, ""GBPJPYc"": 7.6, ""EURCADc"": -1.12, ""AUDCHFc"": 7.48, ""EURUSDc"": -0.74}",5
183459647,2025-07-25T00:51:36.872022,-0.99,"{""GBPCADc"": 9.76, ""EURUSDc"": -0.85, ""AUDJPYc"": -0.07, ""EURNZDc"": 0.01, ""USDCHFc"": -8.11}",5
183459647,2025-07-25T00:51:45.446296,-1.05,"{""GBPCADc"": 9.78, ""EURUSDc"": -0.87, ""AUDJPYc"": -0.08, ""EURNZDc"": 0.01, ""USDCHFc"": -8.16}",5
263006287,2025-07-25T00:51:45.476909,10.59,"{""NZDUSDc"": -2.51, ""GBPJPYc"": 7.54, ""EURCADc"": -1.14, ""AUDCHFc"": 7.48, ""EURUSDc"": -0.76}",5
183459647,2025-07-25T00:51:55.469804,-1.11,"{""GBPCADc"": 9.78, ""EURUSDc"": -0.88, ""AUDJPYc"": -0.11, ""EURNZDc"": -0.01, ""USDCHFc"": -8.16}",5
263006287,2025-07-25T00:51:55.499782,10.56,"{""NZDUSDc"": -2.5, ""GBPJPYc"": 7.54, ""EURCADc"": -1.14, ""AUDCHFc"": 7.45, ""EURUSDc"": -0.77}",5
183459647,2025-07-25T00:52:05.488432,-1.05,"{""GBPCADc"": 9.78, ""EURUSDc"": -0.85, ""AUDJPYc"": -0.11, ""EURNZDc"": -0.01, ""USDCHFc"": -8.13}",5
263006287,2025-07-25T00:52:05.518433,10.61,"{""NZDUSDc"": -2.5, ""GBPJPYc"": 7.54, ""EURCADc"": -1.14, ""AUDCHFc"": 7.47, ""EURUSDc"": -0.74}",5
183459647,2025-07-25T00:52:15.503183,-1.05,"{""GBPCADc"": 9.77, ""EURUSDc"": -0.85, ""AUDJPYc"": -0.1, ""EURNZDc"": -0.04, ""USDCHFc"": -8.1}",5
263006287,2025-07-25T00:52:15.534259,10.65,"{""NZDUSDc"": -2.49, ""GBPJPYc"": 7.56, ""EURCADc"": -1.14, ""AUDCHFc"": 7.48, ""EURUSDc"": -0.74}",5
183459647,2025-07-25T00:52:25.521189,-1.03,"{""GBPCADc"": 9.79, ""EURUSDc"": -0.85, ""AUDJPYc"": -0.12, ""EURNZDc"": -0.01, ""USDCHFc"": -8.11}",5
263006287,2025-07-25T00:52:25.551486,10.65,"{""NZDUSDc"": -2.49, ""GBPJPYc"": 7.54, ""EURCADc"": -1.12, ""AUDCHFc"": 7.48, ""EURUSDc"": -0.74}",5
183459647,2025-07-25T00:52:35.540196,-1.02,"{""GBPCADc"": 9.79, ""EURUSDc"": -0.84, ""AUDJPYc"": -0.12, ""EURNZDc"": -0.02, ""USDCHFc"": -8.1}",5
263006287,2025-07-25T00:52:35.571452,10.69,"{""NZDUSDc"": -2.49, ""GBPJPYc"": 7.54, ""EURCADc"": -1.11, ""AUDCHFc"": 7.5, ""EURUSDc"": -0.73}",5
183459647,2025-07-25T00:52:45.554777,-0.74,"{""GBPCADc"": 9.89, ""EURUSDc"": -0.74, ""AUDJPYc"": -0.1, ""EURNZDc"": -0.02, ""USDCHFc"": -8.04}",5
263006287,2025-07-25T00:52:45.585450,10.91,"{""NZDUSDc"": -2.44, ""GBPJPYc"": 7.53, ""EURCADc"": -1.02, ""AUDCHFc"": 7.49, ""EURUSDc"": -0.63}",5
183459647,2025-07-25T00:52:55.565331,-0.53,"{""GBPCADc"": 9.98, ""EURUSDc"": -0.75, ""AUDJPYc"": -0.06, ""EURNZDc"": 0.05, ""USDCHFc"": -8.02}",5
263006287,2025-07-25T00:52:55.596631,11.04,"{""NZDUSDc"": -2.48, ""GBPJPYc"": 7.57, ""EURCADc"": -0.92, ""AUDCHFc"": 7.53, ""EURUSDc"": -0.64}",5
183459647,2025-07-25T00:53:05.593895,-0.51,"{""GBPCADc"": 9.99, ""EURUSDc"": -0.74, ""AUDJPYc"": -0.06, ""EURNZDc"": 0.05, ""USDCHFc"": -8.02}",5
263006287,2025-07-25T00:53:05.605175,11.05,"{""NZDUSDc"": -2.48, ""GBPJPYc"": 7.57, ""EURCADc"": -0.92, ""AUDCHFc"": 7.53, ""EURUSDc"": -0.63}",5
183459647,2025-07-25T00:53:15.617337,-0.29,"{""GBPCADc"": 10.1, ""EURUSDc"": -0.64, ""AUDJPYc"": -0.06, ""EURNZDc"": 0.05, ""USDCHFc"": -8.01}",5
263006287,2025-07-25T00:53:15.628807,11.21,"{""NZDUSDc"": -2.43, ""GBPJPYc"": 7.51, ""EURCADc"": -0.84, ""AUDCHFc"": 7.52, ""EURUSDc"": -0.53}",5
183459647,2025-07-25T00:53:25.652240,-0.43,"{""GBPCADc"": 10.02, ""EURUSDc"": -0.69, ""AUDJPYc"": -0.06, ""EURNZDc"": 0.08, ""USDCHFc"": -8.05}",5
263006287,2025-07-25T00:53:25.661946,11.11,"{""NZDUSDc"": -2.44, ""GBPJPYc"": 7.48, ""EURCADc"": -0.84, ""AUDCHFc"": 7.51, ""EURUSDc"": -0.58}",5
183459647,2025-07-25T00:53:35.681890,-0.23,"{""GBPCADc"": 10.04, ""EURUSDc"": -0.59, ""AUDJPYc"": -0.06, ""EURNZDc"": 0.16, ""USDCHFc"": -8.05}",5
263006287,2025-07-25T00:53:35.705742,11.26,"{""NZDUSDc"": -2.45, ""GBPJPYc"": 7.51, ""EURCADc"": -0.81, ""AUDCHFc"": 7.51, ""EURUSDc"": -0.48}",5
183459647,2025-07-25T00:53:45.697020,-0.28,"{""GBPCADc"": 10.01, ""EURUSDc"": -0.59, ""AUDJPYc"": -0.03, ""EURNZDc"": 0.1, ""USDCHFc"": -8.04}",5
263006287,2025-07-25T00:53:45.713014,11.36,"{""NZDUSDc"": -2.41, ""GBPJPYc"": 7.62, ""EURCADc"": -0.84, ""AUDCHFc"": 7.49, ""EURUSDc"": -0.48}",5
183459647,2025-07-25T00:53:55.720813,-0.27,"{""GBPCADc"": 10.02, ""EURUSDc"": -0.59, ""AUDJPYc"": -0.03, ""EURNZDc"": 0.08, ""USDCHFc"": -8.02}",5
263006287,2025-07-25T00:53:55.720813,11.32,"{""NZDUSDc"": -2.41, ""GBPJPYc"": 7.6, ""EURCADc"": -0.85, ""AUDCHFc"": 7.48, ""EURUSDc"": -0.48}",5
183459647,2025-07-25T00:54:05.729579,-0.23,"{""GBPCADc"": 10.03, ""EURUSDc"": -0.58, ""AUDJPYc"": -0.03, ""EURNZDc"": 0.1, ""USDCHFc"": -8.02}",5
263006287,2025-07-25T00:54:05.744916,11.33,"{""NZDUSDc"": -2.42, ""GBPJPYc"": 7.59, ""EURCADc"": -0.84, ""AUDCHFc"": 7.49, ""EURUSDc"": -0.47}",5
183459647,2025-07-25T00:54:15.748803,-0.04,"{""GBPCADc"": 10.11, ""EURUSDc"": -0.48, ""AUDJPYc"": -0.06, ""EURNZDc"": 0.11, ""USDCHFc"": -7.99}",5
263006287,2025-07-25T00:54:15.764742,11.46,"{""NZDUSDc"": -2.38, ""GBPJPYc"": 7.53, ""EURCADc"": -0.77, ""AUDCHFc"": 7.47, ""EURUSDc"": -0.37}",5
183459647,2025-07-25T00:54:25.764707,-0.07,"{""GBPCADc"": 10.07, ""EURUSDc"": -0.48, ""AUDJPYc"": -0.07, ""EURNZDc"": 0.08, ""USDCHFc"": -7.94}",5
263006287,2025-07-25T00:54:25.780215,11.53,"{""NZDUSDc"": -2.36, ""GBPJPYc"": 7.59, ""EURCADc"": -0.78, ""AUDCHFc"": 7.47, ""EURUSDc"": -0.37}",5
183459647,2025-07-25T00:54:35.771013,0.14,"{""GBPCADc"": 10.07, ""EURUSDc"": -0.36, ""AUDJPYc"": -0.07, ""EURNZDc"": 0.12, ""USDCHFc"": -7.89}",5
263006287,2025-07-25T00:54:35.786686,11.6,"{""NZDUSDc"": -2.36, ""GBPJPYc"": 7.51, ""EURCADc"": -0.76, ""AUDCHFc"": 7.48, ""EURUSDc"": -0.25}",5
183459647,2025-07-25T00:54:45.784400,0.04,"{""GBPCADc"": 10.06, ""EURUSDc"": -0.44, ""AUDJPYc"": -0.08, ""EURNZDc"": 0.1, ""USDCHFc"": -7.87}",5
263006287,2025-07-25T00:54:45.801741,11.51,"{""NZDUSDc"": -2.32, ""GBPJPYc"": 7.49, ""EURCADc"": -0.79, ""AUDCHFc"": 7.48, ""EURUSDc"": -0.33}",5
263006287,2025-07-25T00:54:55.814342,11.56,"{""NZDUSDc"": -2.35, ""GBPJPYc"": 7.52, ""EURCADc"": -0.79, ""AUDCHFc"": 7.51, ""EURUSDc"": -0.31}",5
183459647,2025-07-25T00:54:55.814342,0.1,"{""GBPCADc"": 10.04, ""EURUSDc"": -0.42, ""AUDJPYc"": -0.05, ""EURNZDc"": 0.13, ""USDCHFc"": -7.87}",5
263006287,2025-07-25T00:55:05.836846,11.53,"{""NZDUSDc"": -2.38, ""GBPJPYc"": 7.61, ""EURCADc"": -0.84, ""AUDCHFc"": 7.52, ""EURUSDc"": -0.36}",5
183459647,2025-07-25T00:55:05.852063,-0.03,"{""GBPCADc"": 9.95, ""EURUSDc"": -0.47, ""AUDJPYc"": -0.05, ""EURNZDc"": 0.16, ""USDCHFc"": -7.89}",5
183459647,2025-07-25T00:55:15.862241,-0.05,"{""GBPCADc"": 9.94, ""EURUSDc"": -0.53, ""AUDJPYc"": -0.02, ""EURNZDc"": 0.16, ""USDCHFc"": -7.87}",5
263006287,2025-07-25T00:55:15.862241,11.42,"{""NZDUSDc"": -2.38, ""GBPJPYc"": 7.56, ""EURCADc"": -0.89, ""AUDCHFc"": 7.57, ""EURUSDc"": -0.42}",5
183459647,2025-07-25T00:55:25.880236,-0.15,"{""GBPCADc"": 9.93, ""EURUSDc"": -0.53, ""AUDJPYc"": -0.03, ""EURNZDc"": 0.11, ""USDCHFc"": -7.9}",5
263006287,2025-07-25T00:55:25.906258,11.37,"{""NZDUSDc"": -2.38, ""GBPJPYc"": 7.56, ""EURCADc"": -0.91, ""AUDCHFc"": 7.54, ""EURUSDc"": -0.42}",5
183459647,2025-07-25T00:55:35.913629,-0.29,"{""GBPCADc"": 9.87, ""EURUSDc"": -0.57, ""AUDJPYc"": -0.06, ""EURNZDc"": 0.11, ""USDCHFc"": -7.91}",5
263006287,2025-07-25T00:55:35.913629,11.25,"{""NZDUSDc"": -2.41, ""GBPJPYc"": 7.52, ""EURCADc"": -0.95, ""AUDCHFc"": 7.57, ""EURUSDc"": -0.46}",5
183459647,2025-07-25T00:55:45.928999,-0.41,"{""GBPCADc"": 9.78, ""EURUSDc"": -0.58, ""AUDJPYc"": -0.07, ""EURNZDc"": 0.1, ""USDCHFc"": -7.91}",5
263006287,2025-07-25T00:55:45.944219,11.3,"{""NZDUSDc"": -2.4, ""GBPJPYc"": 7.58, ""EURCADc"": -0.96, ""AUDCHFc"": 7.57, ""EURUSDc"": -0.47}",5
183459647,2025-07-25T00:55:55.953566,-0.23,"{""GBPCADc"": 9.81, ""EURUSDc"": -0.52, ""AUDJPYc"": -0.03, ""EURNZDc"": 0.15, ""USDCHFc"": -7.91}",5
263006287,2025-07-25T00:55:55.953566,11.46,"{""NZDUSDc"": -2.4, ""GBPJPYc"": 7.64, ""EURCADc"": -0.92, ""AUDCHFc"": 7.57, ""EURUSDc"": -0.41}",5
183459647,2025-07-25T00:56:05.974051,-0.25,"{""GBPCADc"": 9.79, ""EURUSDc"": -0.5, ""AUDJPYc"": -0.05, ""EURNZDc"": 0.16, ""USDCHFc"": -7.92}",5
263006287,2025-07-25T00:56:05.988399,11.44,"{""NZDUSDc"": -2.41, ""GBPJPYc"": 7.62, ""EURCADc"": -0.92, ""AUDCHFc"": 7.56, ""EURUSDc"": -0.39}",5
263006287,2025-07-25T00:56:15.995699,11.65,"{""NZDUSDc"": -2.38, ""GBPJPYc"": 7.64, ""EURCADc"": -0.83, ""AUDCHFc"": 7.56, ""EURUSDc"": -0.32}",5
183459647,2025-07-25T00:56:15.995699,0.0,"{""GBPCADc"": 9.86, ""EURUSDc"": -0.43, ""AUDJPYc"": -0.03, ""EURNZDc"": 0.2, ""USDCHFc"": -7.87}",5
263006287,2025-07-25T00:56:21.831478,11.59,"{""NZDUSDc"": -2.37, ""GBPJPYc"": 7.59, ""EURCADc"": -0.84, ""AUDCHFc"": 7.57, ""EURUSDc"": -0.34}",5
183459647,2025-07-25T00:56:21.858707,-0.01,"{""GBPCADc"": 9.91, ""EURUSDc"": -0.45, ""AUDJPYc"": -0.04, ""EURNZDc"": 0.17, ""USDCHFc"": -7.87}",5
263006287,2025-07-25T00:56:31.841949,11.27,"{""NZDUSDc"": -2.41, ""GBPJPYc"": 7.51, ""EURCADc"": -0.91, ""AUDCHFc"": 7.56, ""EURUSDc"": -0.46}",5
183459647,2025-07-25T00:56:31.874457,-0.31,"{""GBPCADc"": 9.87, ""EURUSDc"": -0.57, ""AUDJPYc"": -0.05, ""EURNZDc"": 0.11, ""USDCHFc"": -7.94}",5
263006287,2025-07-25T00:56:41.865203,11.29,"{""NZDUSDc"": -2.4, ""GBPJPYc"": 7.55, ""EURCADc"": -0.96, ""AUDCHFc"": 7.57, ""EURUSDc"": -0.45}",5
183459647,2025-07-25T00:56:41.895433,-0.29,"{""GBPCADc"": 9.85, ""EURUSDc"": -0.56, ""AUDJPYc"": -0.05, ""EURNZDc"": 0.11, ""USDCHFc"": -7.91}",5
263006287,2025-07-25T00:56:51.882745,11.28,"{""NZDUSDc"": -2.41, ""GBPJPYc"": 7.54, ""EURCADc"": -0.95, ""AUDCHFc"": 7.57, ""EURUSDc"": -0.45}",5
183459647,2025-07-25T00:56:51.910610,-0.3,"{""GBPCADc"": 9.84, ""EURUSDc"": -0.56, ""AUDJPYc"": -0.05, ""EURNZDc"": 0.11, ""USDCHFc"": -7.91}",5
263006287,2025-07-25T00:57:01.903314,11.31,"{""NZDUSDc"": -2.4, ""GBPJPYc"": 7.55, ""EURCADc"": -0.94, ""AUDCHFc"": 7.57, ""EURUSDc"": -0.45}",5
183459647,2025-07-25T00:57:01.917987,-0.28,"{""GBPCADc"": 9.86, ""EURUSDc"": -0.56, ""AUDJPYc"": -0.05, ""EURNZDc"": 0.11, ""USDCHFc"": -7.91}",5
263006287,2025-07-25T00:57:11.920775,11.24,"{""NZDUSDc"": -2.4, ""GBPJPYc"": 7.49, ""EURCADc"": -0.94, ""AUDCHFc"": 7.56, ""EURUSDc"": -0.45}",5
183459647,2025-07-25T00:57:11.946865,-0.32,"{""GBPCADc"": 9.87, ""EURUSDc"": -0.56, ""AUDJPYc"": -0.07, ""EURNZDc"": 0.11, ""USDCHFc"": -7.94}",5
263006287,2025-07-25T00:57:21.953184,11.3,"{""NZDUSDc"": -2.4, ""GBPJPYc"": 7.47, ""EURCADc"": -0.92, ""AUDCHFc"": 7.56, ""EURUSDc"": -0.39}",5
183459647,2025-07-25T00:57:21.968403,-0.19,"{""GBPCADc"": 9.89, ""EURUSDc"": -0.5, ""AUDJPYc"": -0.06, ""EURNZDc"": 0.11, ""USDCHFc"": -7.9}",5
263006287,2025-07-25T00:57:31.977133,11.32,"{""NZDUSDc"": -2.39, ""GBPJPYc"": 7.46, ""EURCADc"": -0.91, ""AUDCHFc"": 7.57, ""EURUSDc"": -0.39}",5
183459647,2025-07-25T00:57:31.977133,-0.18,"{""GBPCADc"": 9.9, ""EURUSDc"": -0.5, ""AUDJPYc"": -0.07, ""EURNZDc"": 0.12, ""USDCHFc"": -7.9}",5
263006287,2025-07-25T00:57:41.998090,11.36,"{""NZDUSDc"": -2.41, ""GBPJPYc"": 7.35, ""EURCADc"": -0.83, ""AUDCHFc"": 7.54, ""EURUSDc"": -0.27}",5
183459647,2025-07-25T00:57:41.998090,-0.12,"{""GBPCADc"": 9.95, ""EURUSDc"": -0.38, ""AUDJPYc"": -0.12, ""EURNZDc"": 0.02, ""USDCHFc"": -7.86}",5
263006287,2025-07-25T00:57:52.015496,11.36,"{""NZDUSDc"": -2.43, ""GBPJPYc"": 7.37, ""EURCADc"": -0.83, ""AUDCHFc"": 7.57, ""EURUSDc"": -0.3}",5
183459647,2025-07-25T00:57:52.031128,-0.15,"{""GBPCADc"": 9.92, ""EURUSDc"": -0.41, ""AUDJPYc"": -0.1, ""EURNZDc"": 0.04, ""USDCHFc"": -7.87}",5
263006287,2025-07-25T00:58:02.031629,11.24,"{""NZDUSDc"": -2.41, ""GBPJPYc"": 7.32, ""EURCADc"": -0.86, ""AUDCHFc"": 7.49, ""EURUSDc"": -0.28}",5
183459647,2025-07-25T00:58:02.046288,-0.22,"{""GBPCADc"": 9.94, ""EURUSDc"": -0.39, ""AUDJPYc"": -0.16, ""EURNZDc"": -0.01, ""USDCHFc"": -7.87}",5
263006287,2025-07-25T00:58:12.046372,11.2,"{""NZDUSDc"": -2.41, ""GBPJPYc"": 7.36, ""EURCADc"": -0.88, ""AUDCHFc"": 7.49, ""EURUSDc"": -0.34}",5
183459647,2025-07-25T00:58:12.061886,-0.31,"{""GBPCADc"": 9.92, ""EURUSDc"": -0.45, ""AUDJPYc"": -0.16, ""EURNZDc"": -0.02, ""USDCHFc"": -7.87}",5
263006287,2025-07-25T00:58:22.065196,11.1,"{""NZDUSDc"": -2.44, ""GBPJPYc"": 7.4, ""EURCADc"": -0.92, ""AUDCHFc"": 7.49, ""EURUSDc"": -0.41}",5
183459647,2025-07-25T00:58:22.079301,-0.45,"{""GBPCADc"": 9.9, ""EURUSDc"": -0.52, ""AUDJPYc"": -0.14, ""EURNZDc"": -0.02, ""USDCHFc"": -7.94}",5
263006287,2025-07-25T00:58:32.083883,11.28,"{""NZDUSDc"": -2.4, ""GBPJPYc"": 7.47, ""EURCADc"": -0.92, ""AUDCHFc"": 7.51, ""EURUSDc"": -0.36}",5
183459647,2025-07-25T00:58:32.099218,-0.46,"{""GBPCADc"": 9.84, ""EURUSDc"": -0.47, ""AUDJPYc"": -0.14, ""EURNZDc"": -0.04, ""USDCHFc"": -7.92}",5
263006287,2025-07-25T00:58:42.100968,11.27,"{""NZDUSDc"": -2.38, ""GBPJPYc"": 7.45, ""EURCADc"": -0.93, ""AUDCHFc"": 7.49, ""EURUSDc"": -0.34}",5
183459647,2025-07-25T00:58:42.116440,-0.42,"{""GBPCADc"": 9.84, ""EURUSDc"": -0.45, ""AUDJPYc"": -0.14, ""EURNZDc"": -0.03, ""USDCHFc"": -7.91}",5
263006287,2025-07-25T00:58:52.109570,11.27,"{""NZDUSDc"": -2.38, ""GBPJPYc"": 7.43, ""EURCADc"": -0.93, ""AUDCHFc"": 7.51, ""EURUSDc"": -0.34}",5
183459647,2025-07-25T00:58:52.139657,-0.4,"{""GBPCADc"": 9.86, ""EURUSDc"": -0.45, ""AUDJPYc"": -0.12, ""EURNZDc"": -0.04, ""USDCHFc"": -7.92}",5
263006287,2025-07-25T00:59:02.136471,11.28,"{""NZDUSDc"": -2.38, ""GBPJPYc"": 7.45, ""EURCADc"": -0.92, ""AUDCHFc"": 7.49, ""EURUSDc"": -0.34}",5
183459647,2025-07-25T00:59:02.152919,-0.38,"{""GBPCADc"": 9.87, ""EURUSDc"": -0.45, ""AUDJPYc"": -0.11, ""EURNZDc"": -0.04, ""USDCHFc"": -7.92}",5
263006287,2025-07-25T00:59:12.155756,11.53,"{""NZDUSDc"": -2.37, ""GBPJPYc"": 7.56, ""EURCADc"": -0.88, ""AUDCHFc"": 7.49, ""EURUSDc"": -0.25}",5
183459647,2025-07-25T00:59:12.182619,-0.2,"{""GBPCADc"": 9.84, ""EURUSDc"": -0.36, ""AUDJPYc"": -0.07, ""EURNZDc"": -0.01, ""USDCHFc"": -7.87}",5
263006287,2025-07-25T00:59:22.177302,11.66,"{""NZDUSDc"": -2.34, ""GBPJPYc"": 7.57, ""EURCADc"": -0.83, ""AUDCHFc"": 7.49, ""EURUSDc"": -0.21}",5
183459647,2025-07-25T00:59:22.192683,-0.1,"{""GBPCADc"": 9.86, ""EURUSDc"": -0.32, ""AUDJPYc"": -0.07, ""EURNZDc"": 0.03, ""USDCHFc"": -7.87}",5
263006287,2025-07-25T00:59:32.197067,11.74,"{""NZDUSDc"": -2.35, ""GBPJPYc"": 7.53, ""EURCADc"": -0.78, ""AUDCHFc"": 7.52, ""EURUSDc"": -0.16}",5
183459647,2025-07-25T00:59:32.212200,0.03,"{""GBPCADc"": 9.9, ""EURUSDc"": -0.27, ""AUDJPYc"": -0.07, ""EURNZDc"": 0.05, ""USDCHFc"": -7.85}",5
183459647,2025-07-25T00:59:42.221204,0.05,"{""GBPCADc"": 9.89, ""EURUSDc"": -0.27, ""AUDJPYc"": -0.05, ""EURNZDc"": 0.07, ""USDCHFc"": -7.86}",5
263006287,2025-07-25T00:59:42.221204,11.77,"{""NZDUSDc"": -2.33, ""GBPJPYc"": 7.55, ""EURCADc"": -0.79, ""AUDCHFc"": 7.52, ""EURUSDc"": -0.16}",5
183459647,2025-07-25T00:59:52.237008,0.04,"{""GBPCADc"": 9.89, ""EURUSDc"": -0.26, ""AUDJPYc"": -0.05, ""EURNZDc"": 0.05, ""USDCHFc"": -7.86}",5
263006287,2025-07-25T00:59:52.252275,11.78,"{""NZDUSDc"": -2.33, ""GBPJPYc"": 7.55, ""EURCADc"": -0.8, ""AUDCHFc"": 7.53, ""EURUSDc"": -0.15}",5
183459647,2025-07-25T01:00:02.256365,0.04,"{""GBPCADc"": 9.9, ""EURUSDc"": -0.34, ""AUDJPYc"": -0.02, ""EURNZDc"": 0.08, ""USDCHFc"": -7.85}",5
263006287,2025-07-25T01:00:02.272528,11.68,"{""NZDUSDc"": -2.39, ""GBPJPYc"": 7.57, ""EURCADc"": -0.82, ""AUDCHFc"": 7.56, ""EURUSDc"": -0.22}",5
183459647,2025-07-25T01:00:12.269383,-0.08,"{""GBPCADc"": 9.86, ""EURUSDc"": -0.38, ""AUDJPYc"": -0.04, ""EURNZDc"": 0.08, ""USDCHFc"": -7.87}",5
263006287,2025-07-25T01:00:12.285528,11.54,"{""NZDUSDc"": -2.43, ""GBPJPYc"": 7.54, ""EURCADc"": -0.85, ""AUDCHFc"": 7.57, ""EURUSDc"": -0.27}",5
183459647,2025-07-25T01:00:22.281772,0.01,"{""GBPCADc"": 9.84, ""EURUSDc"": -0.3, ""AUDJPYc"": -0.05, ""EURNZDc"": 0.11, ""USDCHFc"": -7.86}",5
263006287,2025-07-25T01:00:22.312299,11.71,"{""NZDUSDc"": -2.41, ""GBPJPYc"": 7.55, ""EURCADc"": -0.8, ""AUDCHFc"": 7.58, ""EURUSDc"": -0.19}",5
183459647,2025-07-25T01:00:32.306037,-0.02,"{""GBPCADc"": 9.83, ""EURUSDc"": -0.35, ""AUDJPYc"": -0.03, ""EURNZDc"": 0.11, ""USDCHFc"": -7.85}",5
263006287,2025-07-25T01:00:32.322054,11.69,"{""NZDUSDc"": -2.42, ""GBPJPYc"": 7.6, ""EURCADc"": -0.81, ""AUDCHFc"": 7.58, ""EURUSDc"": -0.24}",5
263006287,2025-07-25T01:00:42.332420,11.64,"{""NZDUSDc"": -2.41, ""GBPJPYc"": 7.54, ""EURCADc"": -0.82, ""AUDCHFc"": 7.58, ""EURUSDc"": -0.23}",5
183459647,2025-07-25T01:00:42.332420,-0.05,"{""GBPCADc"": 9.83, ""EURUSDc"": -0.34, ""AUDJPYc"": -0.05, ""EURNZDc"": 0.1, ""USDCHFc"": -7.86}",5
183459647,2025-07-25T01:00:52.357112,-0.03,"{""GBPCADc"": 9.81, ""EURUSDc"": -0.3, ""AUDJPYc"": -0.04, ""EURNZDc"": 0.09, ""USDCHFc"": -7.86}",5
263006287,2025-07-25T01:00:52.357112,11.73,"{""NZDUSDc"": -2.38, ""GBPJPYc"": 7.59, ""EURCADc"": -0.83, ""AUDCHFc"": 7.56, ""EURUSDc"": -0.19}",5
263006287,2025-07-25T01:01:02.376069,11.87,"{""NZDUSDc"": -2.38, ""GBPJPYc"": 7.57, ""EURCADc"": -0.78, ""AUDCHFc"": 7.58, ""EURUSDc"": -0.1}",5
183459647,2025-07-25T01:01:02.391096,0.21,"{""GBPCADc"": 9.83, ""EURUSDc"": -0.21, ""AUDJPYc"": -0.02, ""EURNZDc"": 0.16, ""USDCHFc"": -7.82}",5
263006287,2025-07-25T01:01:12.391074,11.78,"{""NZDUSDc"": -2.37, ""GBPJPYc"": 7.63, ""EURCADc"": -0.86, ""AUDCHFc"": 7.57, ""EURUSDc"": -0.17}",5
183459647,2025-07-25T01:01:12.405733,0.0,"{""GBPCADc"": 9.76, ""EURUSDc"": -0.28, ""AUDJPYc"": -0.02, ""EURNZDc"": 0.1, ""USDCHFc"": -7.83}",5
263006287,2025-07-25T01:01:22.411570,12.02,"{""NZDUSDc"": -2.36, ""GBPJPYc"": 7.65, ""EURCADc"": -0.78, ""AUDCHFc"": 7.61, ""EURUSDc"": -0.08}",5
183459647,2025-07-25T01:01:22.442224,0.28,"{""GBPCADc"": 9.82, ""EURUSDc"": -0.19, ""AUDJPYc"": -0.01, ""EURNZDc"": 0.12, ""USDCHFc"": -7.73}",5
263006287,2025-07-25T01:01:32.429377,12.12,"{""NZDUSDc"": -2.25, ""GBPJPYc"": 7.65, ""EURCADc"": -0.75, ""AUDCHFc"": 7.54, ""EURUSDc"": -0.05}",5
183459647,2025-07-25T01:01:32.460904,0.28,"{""GBPCADc"": 9.83, ""EURUSDc"": -0.16, ""AUDJPYc"": -0.03, ""EURNZDc"": 0.1, ""USDCHFc"": -7.73}",5
263006287,2025-07-25T01:01:42.446577,12.11,"{""NZDUSDc"": -2.25, ""GBPJPYc"": 7.65, ""EURCADc"": -0.74, ""AUDCHFc"": 7.54, ""EURUSDc"": -0.07}",5
183459647,2025-07-25T01:01:42.474975,0.39,"{""GBPCADc"": 9.84, ""EURUSDc"": -0.18, ""AUDJPYc"": -0.03, ""EURNZDc"": 0.21, ""USDCHFc"": -7.72}",5
263006287,2025-07-25T01:01:52.474579,12.13,"{""NZDUSDc"": -2.24, ""GBPJPYc"": 7.63, ""EURCADc"": -0.73, ""AUDCHFc"": 7.53, ""EURUSDc"": -0.04}",5
183459647,2025-07-25T01:01:52.489594,0.41,"{""GBPCADc"": 9.86, ""EURUSDc"": -0.15, ""AUDJPYc"": -0.05, ""EURNZDc"": 0.21, ""USDCHFc"": -7.73}",5
263006287,2025-07-25T01:02:02.492653,12.17,"{""NZDUSDc"": -2.24, ""GBPJPYc"": 7.65, ""EURCADc"": -0.7, ""AUDCHFc"": 7.54, ""EURUSDc"": -0.06}",5
183459647,2025-07-25T01:02:02.508385,0.38,"{""GBPCADc"": 9.86, ""EURUSDc"": -0.17, ""AUDJPYc"": -0.04, ""EURNZDc"": 0.21, ""USDCHFc"": -7.75}",5
263006287,2025-07-25T01:02:12.529752,12.08,"{""NZDUSDc"": -2.28, ""GBPJPYc"": 7.6, ""EURCADc"": -0.72, ""AUDCHFc"": 7.56, ""EURUSDc"": -0.06}",5
183459647,2025-07-25T01:02:12.539107,0.41,"{""GBPCADc"": 9.85, ""EURUSDc"": -0.17, ""AUDJPYc"": -0.03, ""EURNZDc"": 0.26, ""USDCHFc"": -7.77}",5
183459647,2025-07-25T01:02:22.557801,0.31,"{""GBPCADc"": 9.75, ""EURUSDc"": -0.14, ""AUDJPYc"": -0.03, ""EURNZDc"": 0.22, ""USDCHFc"": -7.76}",5
263006287,2025-07-25T01:02:22.558800,12.04,"{""NZDUSDc"": -2.25, ""GBPJPYc"": 7.64, ""EURCADc"": -0.83, ""AUDCHFc"": 7.53, ""EURUSDc"": -0.03}",5
183459647,2025-07-25T01:02:32.581794,0.37,"{""GBPCADc"": 9.73, ""EURUSDc"": -0.1, ""AUDJPYc"": -0.01, ""EURNZDc"": 0.21, ""USDCHFc"": -7.73}",5
263006287,2025-07-25T01:02:32.581794,12.2,"{""NZDUSDc"": -2.23, ""GBPJPYc"": 7.73, ""EURCADc"": -0.82, ""AUDCHFc"": 7.53, ""EURUSDc"": 0.01}",5
183459647,2025-07-25T01:02:42.601053,0.44,"{""GBPCADc"": 9.76, ""EURUSDc"": -0.13, ""AUDJPYc"": 0.01, ""EURNZDc"": 0.24, ""USDCHFc"": -7.71}",5
263006287,2025-07-25T01:02:42.615785,12.21,"{""NZDUSDc"": -2.24, ""GBPJPYc"": 7.71, ""EURCADc"": -0.78, ""AUDCHFc"": 7.56, ""EURUSDc"": -0.02}",5
183459647,2025-07-25T01:02:52.612444,0.43,"{""GBPCADc"": 9.77, ""EURUSDc"": -0.11, ""AUDJPYc"": -0.01, ""EURNZDc"": 0.22, ""USDCHFc"": -7.71}",5
263006287,2025-07-25T01:02:52.628132,12.22,"{""NZDUSDc"": -2.23, ""GBPJPYc"": 7.71, ""EURCADc"": -0.78, ""AUDCHFc"": 7.54, ""EURUSDc"": 0.0}",5
183459647,2025-07-25T01:03:02.628748,0.33,"{""GBPCADc"": 9.69, ""EURUSDc"": -0.12, ""AUDJPYc"": -0.01, ""EURNZDc"": 0.22, ""USDCHFc"": -7.72}",5
263006287,2025-07-25T01:03:02.644384,12.18,"{""NZDUSDc"": -2.23, ""GBPJPYc"": 7.75, ""EURCADc"": -0.84, ""AUDCHFc"": 7.53, ""EURUSDc"": -0.01}",5
263006287,2025-07-25T01:03:12.654399,12.24,"{""NZDUSDc"": -2.24, ""GBPJPYc"": 7.78, ""EURCADc"": -0.84, ""AUDCHFc"": 7.57, ""EURUSDc"": -0.01}",5
183459647,2025-07-25T01:03:12.654399,0.38,"{""GBPCADc"": 9.69, ""EURUSDc"": -0.12, ""AUDJPYc"": 0.03, ""EURNZDc"": 0.22, ""USDCHFc"": -7.71}",5
183459647,2025-07-25T01:03:22.681533,0.44,"{""GBPCADc"": 9.7, ""EURUSDc"": -0.1, ""AUDJPYc"": 0.01, ""EURNZDc"": 0.28, ""USDCHFc"": -7.72}",5
263006287,2025-07-25T01:03:22.681533,12.18,"{""NZDUSDc"": -2.26, ""GBPJPYc"": 7.72, ""EURCADc"": -0.84, ""AUDCHFc"": 7.57, ""EURUSDc"": 0.01}",5
183459647,2025-07-25T01:03:32.696474,0.49,"{""GBPCADc"": 9.67, ""EURUSDc"": -0.12, ""AUDJPYc"": 0.06, ""EURNZDc"": 0.27, ""USDCHFc"": -7.66}",5
263006287,2025-07-25T01:03:32.712245,12.26,"{""NZDUSDc"": -2.25, ""GBPJPYc"": 7.76, ""EURCADc"": -0.84, ""AUDCHFc"": 7.62, ""EURUSDc"": -0.01}",5
183459647,2025-07-25T01:03:42.707066,0.46,"{""GBPCADc"": 9.67, ""EURUSDc"": -0.11, ""AUDJPYc"": 0.05, ""EURNZDc"": 0.24, ""USDCHFc"": -7.66}",5
263006287,2025-07-25T01:03:42.723208,12.3,"{""NZDUSDc"": -2.24, ""GBPJPYc"": 7.78, ""EURCADc"": -0.84, ""AUDCHFc"": 7.62, ""EURUSDc"": 0.0}",5
183459647,2025-07-25T01:03:52.723921,0.47,"{""GBPCADc"": 9.68, ""EURUSDc"": -0.12, ""AUDJPYc"": 0.03, ""EURNZDc"": 0.25, ""USDCHFc"": -7.64}",5
263006287,2025-07-25T01:03:52.751292,12.24,"{""NZDUSDc"": -2.24, ""GBPJPYc"": 7.72, ""EURCADc"": -0.84, ""AUDCHFc"": 7.63, ""EURUSDc"": -0.01}",5
183459647,2025-07-25T01:04:02.750382,0.43,"{""GBPCADc"": 9.67, ""EURUSDc"": -0.12, ""AUDJPYc"": 0.03, ""EURNZDc"": 0.25, ""USDCHFc"": -7.67}",5
263006287,2025-07-25T01:04:02.772796,12.25,"{""NZDUSDc"": -2.24, ""GBPJPYc"": 7.72, ""EURCADc"": -0.82, ""AUDCHFc"": 7.62, ""EURUSDc"": -0.01}",5
183459647,2025-07-25T01:04:12.775560,0.49,"{""GBPCADc"": 9.6, ""EURUSDc"": -0.14, ""AUDJPYc"": 0.07, ""EURNZDc"": 0.4, ""USDCHFc"": -7.71}",5
263006287,2025-07-25T01:04:12.807332,12.21,"{""NZDUSDc"": -2.33, ""GBPJPYc"": 7.74, ""EURCADc"": -0.82, ""AUDCHFc"": 7.67, ""EURUSDc"": -0.03}",5
183459647,2025-07-25T01:04:22.797554,0.35,"{""GBPCADc"": 9.5, ""EURUSDc"": -0.12, ""AUDJPYc"": 0.05, ""EURNZDc"": 0.34, ""USDCHFc"": -7.69}",5
263006287,2025-07-25T01:04:22.830107,12.2,"{""NZDUSDc"": -2.29, ""GBPJPYc"": 7.78, ""EURCADc"": -0.9, ""AUDCHFc"": 7.64, ""EURUSDc"": -0.01}",5
183459647,2025-07-25T01:04:32.810359,0.35,"{""GBPCADc"": 9.49, ""EURUSDc"": -0.11, ""AUDJPYc"": 0.06, ""EURNZDc"": 0.33, ""USDCHFc"": -7.69}",5
263006287,2025-07-25T01:04:32.841606,12.23,"{""NZDUSDc"": -2.28, ""GBPJPYc"": 7.78, ""EURCADc"": -0.91, ""AUDCHFc"": 7.66, ""EURUSDc"": 0.0}",5
183459647,2025-07-25T01:04:42.832421,0.39,"{""GBPCADc"": 9.49, ""EURUSDc"": -0.08, ""AUDJPYc"": 0.01, ""EURNZDc"": 0.34, ""USDCHFc"": -7.64}",5
263006287,2025-07-25T01:04:42.847474,12.18,"{""NZDUSDc"": -2.28, ""GBPJPYc"": 7.7, ""EURCADc"": -0.89, ""AUDCHFc"": 7.64, ""EURUSDc"": 0.03}",5
263006287,2025-07-25T01:04:52.854668,12.24,"{""NZDUSDc"": -2.24, ""GBPJPYc"": 7.7, ""EURCADc"": -0.89, ""AUDCHFc"": 7.66, ""EURUSDc"": 0.03}",5
183459647,2025-07-25T01:04:52.869190,0.32,"{""GBPCADc"": 9.5, ""EURUSDc"": -0.08, ""AUDJPYc"": -0.01, ""EURNZDc"": 0.28, ""USDCHFc"": -7.64}",5
263006287,2025-07-25T01:05:02.868853,12.24,"{""NZDUSDc"": -2.27, ""GBPJPYc"": 7.72, ""EURCADc"": -0.89, ""AUDCHFc"": 7.67, ""EURUSDc"": 0.03}",5
183459647,2025-07-25T01:05:02.884707,0.38,"{""GBPCADc"": 9.49, ""EURUSDc"": -0.08, ""AUDJPYc"": -0.01, ""EURNZDc"": 0.33, ""USDCHFc"": -7.62}",5
183459647,2025-07-25T01:05:12.892250,0.35,"{""GBPCADc"": 9.49, ""EURUSDc"": -0.11, ""AUDJPYc"": 0.0, ""EURNZDc"": 0.32, ""USDCHFc"": -7.62}",5
263006287,2025-07-25T01:05:12.892250,12.22,"{""NZDUSDc"": -2.27, ""GBPJPYc"": 7.74, ""EURCADc"": -0.9, ""AUDCHFc"": 7.67, ""EURUSDc"": 0.0}",5
183459647,2025-07-25T01:05:22.910588,0.32,"{""GBPCADc"": 9.48, ""EURUSDc"": -0.11, ""AUDJPYc"": 0.0, ""EURNZDc"": 0.31, ""USDCHFc"": -7.63}",5
263006287,2025-07-25T01:05:22.925808,12.18,"{""NZDUSDc"": -2.28, ""GBPJPYc"": 7.72, ""EURCADc"": -0.91, ""AUDCHFc"": 7.67, ""EURUSDc"": 0.0}",5
183459647,2025-07-25T01:05:32.925688,0.25,"{""GBPCADc"": 9.44, ""EURUSDc"": -0.12, ""AUDJPYc"": 0.0, ""EURNZDc"": 0.32, ""USDCHFc"": -7.66}",5
263006287,2025-07-25T01:05:32.941799,12.19,"{""NZDUSDc"": -2.28, ""GBPJPYc"": 7.77, ""EURCADc"": -0.91, ""AUDCHFc"": 7.64, ""EURUSDc"": -0.01}",5
183459647,2025-07-25T01:05:42.944761,0.3,"{""GBPCADc"": 9.44, ""EURUSDc"": -0.11, ""AUDJPYc"": 0.0, ""EURNZDc"": 0.33, ""USDCHFc"": -7.63}",5
263006287,2025-07-25T01:05:42.960139,12.21,"{""NZDUSDc"": -2.28, ""GBPJPYc"": 7.78, ""EURCADc"": -0.91, ""AUDCHFc"": 7.64, ""EURUSDc"": 0.0}",5
183459647,2025-07-25T01:05:52.970027,0.33,"{""GBPCADc"": 9.41, ""EURUSDc"": -0.07, ""AUDJPYc"": -0.01, ""EURNZDc"": 0.34, ""USDCHFc"": -7.61}",5
263006287,2025-07-25T01:05:52.970027,12.22,"{""NZDUSDc"": -2.27, ""GBPJPYc"": 7.75, ""EURCADc"": -0.94, ""AUDCHFc"": 7.66, ""EURUSDc"": 0.04}",5
263006287,2025-07-25T01:06:02.993811,12.35,"{""NZDUSDc"": -2.28, ""GBPJPYc"": 7.78, ""EURCADc"": -0.89, ""AUDCHFc"": 7.66, ""EURUSDc"": 0.1}",5
183459647,2025-07-25T01:06:02.993811,0.43,"{""GBPCADc"": 9.4, ""EURUSDc"": -0.01, ""AUDJPYc"": 0.0, ""EURNZDc"": 0.38, ""USDCHFc"": -7.61}",5
263006287,2025-07-25T01:06:13.021301,12.26,"{""NZDUSDc"": -2.32, ""GBPJPYc"": 7.82, ""EURCADc"": -0.94, ""AUDCHFc"": 7.69, ""EURUSDc"": 0.03}",5
183459647,2025-07-25T01:06:13.034404,0.41,"{""GBPCADc"": 9.35, ""EURUSDc"": -0.08, ""AUDJPYc"": 0.03, ""EURNZDc"": 0.46, ""USDCHFc"": -7.62}",5
263006287,2025-07-25T01:06:23.043699,12.3,"{""NZDUSDc"": -2.3, ""GBPJPYc"": 7.8, ""EURCADc"": -0.93, ""AUDCHFc"": 7.69, ""EURUSDc"": 0.06}",5
183459647,2025-07-25T01:06:23.058710,0.37,"{""GBPCADc"": 9.34, ""EURUSDc"": -0.05, ""AUDJPYc"": 0.02, ""EURNZDc"": 0.42, ""USDCHFc"": -7.63}",5
263006287,2025-07-25T01:06:33.061966,12.31,"{""NZDUSDc"": -2.3, ""GBPJPYc"": 7.81, ""EURCADc"": -0.91, ""AUDCHFc"": 7.68, ""EURUSDc"": 0.05}",5
183459647,2025-07-25T01:06:33.077648,0.37,"{""GBPCADc"": 9.36, ""EURUSDc"": -0.06, ""AUDJPYc"": 0.02, ""EURNZDc"": 0.42, ""USDCHFc"": -7.64}",5
263006287,2025-07-25T01:06:43.081229,12.29,"{""NZDUSDc"": -2.3, ""GBPJPYc"": 7.76, ""EURCADc"": -0.87, ""AUDCHFc"": 7.68, ""EURUSDc"": 0.04}",5
183459647,2025-07-25T01:06:43.094256,0.39,"{""GBPCADc"": 9.41, ""EURUSDc"": -0.07, ""AUDJPYc"": 0.02, ""EURNZDc"": 0.42, ""USDCHFc"": -7.66}",5
263006287,2025-07-25T01:06:53.100744,12.19,"{""NZDUSDc"": -2.3, ""GBPJPYc"": 7.7, ""EURCADc"": -0.92, ""AUDCHFc"": 7.68, ""EURUSDc"": 0.05}",5
183459647,2025-07-25T01:06:53.115756,0.34,"{""GBPCADc"": 9.35, ""EURUSDc"": -0.06, ""AUDJPYc"": 0.01, ""EURNZDc"": 0.43, ""USDCHFc"": -7.66}",5
263006287,2025-07-25T01:07:03.116426,12.5,"{""NZDUSDc"": -2.24, ""GBPJPYc"": 7.82, ""EURCADc"": -0.89, ""AUDCHFc"": 7.68, ""EURUSDc"": 0.15}",5
183459647,2025-07-25T01:07:03.130262,0.52,"{""GBPCADc"": 9.38, ""EURUSDc"": 0.04, ""AUDJPYc"": 0.04, ""EURNZDc"": 0.4, ""USDCHFc"": -7.61}",5
263006287,2025-07-25T01:07:13.144685,12.5,"{""NZDUSDc"": -2.21, ""GBPJPYc"": 7.78, ""EURCADc"": -0.88, ""AUDCHFc"": 7.64, ""EURUSDc"": 0.19}",5
183459647,2025-07-25T01:07:13.144685,0.59,"{""GBPCADc"": 9.4, ""EURUSDc"": 0.08, ""AUDJPYc"": 0.03, ""EURNZDc"": 0.4, ""USDCHFc"": -7.59}",5
263006287,2025-07-25T01:07:23.160793,12.47,"{""NZDUSDc"": -2.19, ""GBPJPYc"": 7.79, ""EURCADc"": -0.89, ""AUDCHFc"": 7.64, ""EURUSDc"": 0.14}",5
183459647,2025-07-25T01:07:23.173727,0.47,"{""GBPCADc"": 9.41, ""EURUSDc"": 0.03, ""AUDJPYc"": 0.01, ""EURNZDc"": 0.36, ""USDCHFc"": -7.61}",5
263006287,2025-07-25T01:07:33.178646,12.39,"{""NZDUSDc"": -2.22, ""GBPJPYc"": 7.78, ""EURCADc"": -0.92, ""AUDCHFc"": 7.63, ""EURUSDc"": 0.14}",5
183459647,2025-07-25T01:07:33.206987,0.44,"{""GBPCADc"": 9.41, ""EURUSDc"": 0.03, ""AUDJPYc"": 0.0, ""EURNZDc"": 0.35, ""USDCHFc"": -7.62}",5
263006287,2025-07-25T01:07:43.197397,12.61,"{""NZDUSDc"": -2.19, ""GBPJPYc"": 7.8, ""EURCADc"": -0.84, ""AUDCHFc"": 7.62, ""EURUSDc"": 0.24}",5
183459647,2025-07-25T01:07:43.227527,0.6,"{""GBPCADc"": 9.4, ""EURUSDc"": 0.13, ""AUDJPYc"": -0.02, ""EURNZDc"": 0.39, ""USDCHFc"": -7.57}",5
263006287,2025-07-25T01:07:53.222504,12.59,"{""NZDUSDc"": -2.19, ""GBPJPYc"": 7.79, ""EURCADc"": -0.86, ""AUDCHFc"": 7.62, ""EURUSDc"": 0.25}",5
183459647,2025-07-25T01:07:53.238156,0.58,"{""GBPCADc"": 9.37, ""EURUSDc"": 0.14, ""AUDJPYc"": -0.02, ""EURNZDc"": 0.39, ""USDCHFc"": -7.57}",5
263006287,2025-07-25T01:08:03.252025,12.69,"{""NZDUSDc"": -2.18, ""GBPJPYc"": 7.74, ""EURCADc"": -0.78, ""AUDCHFc"": 7.64, ""EURUSDc"": 0.29}",5
183459647,2025-07-25T01:08:03.252025,0.8,"{""GBPCADc"": 9.46, ""EURUSDc"": 0.18, ""AUDJPYc"": -0.03, ""EURNZDc"": 0.42, ""USDCHFc"": -7.5}",5
263006287,2025-07-25T01:08:13.278952,12.62,"{""NZDUSDc"": -2.18, ""GBPJPYc"": 7.71, ""EURCADc"": -0.83, ""AUDCHFc"": 7.63, ""EURUSDc"": 0.31}",5
183459647,2025-07-25T01:08:13.291108,0.74,"{""GBPCADc"": 9.41, ""EURUSDc"": 0.2, ""AUDJPYc"": -0.03, ""EURNZDc"": 0.42, ""USDCHFc"": -7.53}",5
263006287,2025-07-25T01:08:23.292368,12.67,"{""NZDUSDc"": -2.19, ""GBPJPYc"": 7.8, ""EURCADc"": -0.84, ""AUDCHFc"": 7.67, ""EURUSDc"": 0.25}",5
183459647,2025-07-25T01:08:23.308078,0.68,"{""GBPCADc"": 9.39, ""EURUSDc"": 0.14, ""AUDJPYc"": -0.01, ""EURNZDc"": 0.39, ""USDCHFc"": -7.5}",5
263006287,2025-07-25T01:08:33.322141,12.67,"{""NZDUSDc"": -2.2, ""GBPJPYc"": 7.8, ""EURCADc"": -0.84, ""AUDCHFc"": 7.69, ""EURUSDc"": 0.24}",5
183459647,2025-07-25T01:08:33.322141,0.71,"{""GBPCADc"": 9.39, ""EURUSDc"": 0.13, ""AUDJPYc"": 0.0, ""EURNZDc"": 0.41, ""USDCHFc"": -7.49}",5
263006287,2025-07-25T01:08:43.342325,12.76,"{""NZDUSDc"": -2.2, ""GBPJPYc"": 7.83, ""EURCADc"": -0.81, ""AUDCHFc"": 7.7, ""EURUSDc"": 0.26}",5
183459647,2025-07-25T01:08:43.342325,0.81,"{""GBPCADc"": 9.41, ""EURUSDc"": 0.15, ""AUDJPYc"": 0.01, ""EURNZDc"": 0.44, ""USDCHFc"": -7.47}",5
263006287,2025-07-25T01:08:53.355652,12.74,"{""NZDUSDc"": -2.22, ""GBPJPYc"": 7.85, ""EURCADc"": -0.83, ""AUDCHFc"": 7.72, ""EURUSDc"": 0.24}",5
183459647,2025-07-25T01:08:53.371236,0.83,"{""GBPCADc"": 9.42, ""EURUSDc"": 0.13, ""AUDJPYc"": 0.04, ""EURNZDc"": 0.45, ""USDCHFc"": -7.48}",5
263006287,2025-07-25T01:09:03.361253,12.73,"{""NZDUSDc"": -2.2, ""GBPJPYc"": 7.82, ""EURCADc"": -0.83, ""AUDCHFc"": 7.7, ""EURUSDc"": 0.26}",5
183459647,2025-07-25T01:09:03.392179,0.81,"{""GBPCADc"": 9.38, ""EURUSDc"": 0.15, ""AUDJPYc"": 0.03, ""EURNZDc"": 0.45, ""USDCHFc"": -7.47}",5
263006287,2025-07-25T01:09:13.389190,12.76,"{""NZDUSDc"": -2.18, ""GBPJPYc"": 7.8, ""EURCADc"": -0.81, ""AUDCHFc"": 7.68, ""EURUSDc"": 0.29}",5
183459647,2025-07-25T01:09:13.404389,0.81,"{""GBPCADc"": 9.41, ""EURUSDc"": 0.18, ""AUDJPYc"": -0.01, ""EURNZDc"": 0.43, ""USDCHFc"": -7.47}",5
263006287,2025-07-25T01:09:23.416168,12.78,"{""NZDUSDc"": -2.18, ""GBPJPYc"": 7.8, ""EURCADc"": -0.81, ""AUDCHFc"": 7.69, ""EURUSDc"": 0.3}",5
183459647,2025-07-25T01:09:23.416168,0.84,"{""GBPCADc"": 9.4, ""EURUSDc"": 0.19, ""AUDJPYc"": 0.01, ""EURNZDc"": 0.44, ""USDCHFc"": -7.47}",5
263006287,2025-07-25T01:09:33.433223,12.78,"{""NZDUSDc"": -2.2, ""GBPJPYc"": 7.82, ""EURCADc"": -0.81, ""AUDCHFc"": 7.7, ""EURUSDc"": 0.29}",5
183459647,2025-07-25T01:09:33.450025,0.86,"{""GBPCADc"": 9.38, ""EURUSDc"": 0.18, ""AUDJPYc"": 0.03, ""EURNZDc"": 0.47, ""USDCHFc"": -7.47}",5
263006287,2025-07-25T01:09:43.451169,12.69,"{""NZDUSDc"": -2.21, ""GBPJPYc"": 7.81, ""EURCADc"": -0.84, ""AUDCHFc"": 7.72, ""EURUSDc"": 0.23}",5
183459647,2025-07-25T01:09:43.465360,0.82,"{""GBPCADc"": 9.38, ""EURUSDc"": 0.12, ""AUDJPYc"": 0.03, ""EURNZDc"": 0.47, ""USDCHFc"": -7.45}",5
263006287,2025-07-25T01:09:53.466650,12.74,"{""NZDUSDc"": -2.22, ""GBPJPYc"": 7.84, ""EURCADc"": -0.82, ""AUDCHFc"": 7.72, ""EURUSDc"": 0.24}",5
183459647,2025-07-25T01:09:53.493465,0.86,"{""GBPCADc"": 9.41, ""EURUSDc"": 0.13, ""AUDJPYc"": 0.04, ""EURNZDc"": 0.46, ""USDCHFc"": -7.45}",5
263006287,2025-07-25T01:10:03.493853,12.95,"{""NZDUSDc"": -2.21, ""GBPJPYc"": 7.92, ""EURCADc"": -0.78, ""AUDCHFc"": 7.77, ""EURUSDc"": 0.27}",5
183459647,2025-07-25T01:10:03.509835,1.04,"{""GBPCADc"": 9.46, ""EURUSDc"": 0.16, ""AUDJPYc"": 0.09, ""EURNZDc"": 0.44, ""USDCHFc"": -7.38}",5
263006287,2025-07-25T01:10:13.506257,12.89,"{""NZDUSDc"": -2.22, ""GBPJPYc"": 7.91, ""EURCADc"": -0.8, ""AUDCHFc"": 7.78, ""EURUSDc"": 0.24}",5
183459647,2025-07-25T01:10:13.521791,1.0,"{""GBPCADc"": 9.44, ""EURUSDc"": 0.13, ""AUDJPYc"": 0.09, ""EURNZDc"": 0.45, ""USDCHFc"": -7.38}",5
263006287,2025-07-25T01:10:23.516924,12.98,"{""NZDUSDc"": -2.24, ""GBPJPYc"": 7.95, ""EURCADc"": -0.78, ""AUDCHFc"": 7.83, ""EURUSDc"": 0.24}",5
183459647,2025-07-25T01:10:23.532999,1.06,"{""GBPCADc"": 9.44, ""EURUSDc"": 0.13, ""AUDJPYc"": 0.13, ""EURNZDc"": 0.48, ""USDCHFc"": -7.39}",5
263006287,2025-07-25T01:10:33.541086,13.06,"{""NZDUSDc"": -2.22, ""GBPJPYc"": 7.98, ""EURCADc"": -0.76, ""AUDCHFc"": 7.8, ""EURUSDc"": 0.28}",5
183459647,2025-07-25T01:10:33.552760,1.12,"{""GBPCADc"": 9.45, ""EURUSDc"": 0.17, ""AUDJPYc"": 0.13, ""EURNZDc"": 0.5, ""USDCHFc"": -7.4}",5
263006287,2025-07-25T01:10:43.552855,13.09,"{""NZDUSDc"": -2.24, ""GBPJPYc"": 8.02, ""EURCADc"": -0.7, ""AUDCHFc"": 7.79, ""EURUSDc"": 0.24}",5
183459647,2025-07-25T01:10:43.568702,1.15,"{""GBPCADc"": 9.53, ""EURUSDc"": 0.13, ""AUDJPYc"": 0.16, ""EURNZDc"": 0.5, ""USDCHFc"": -7.44}",5
263006287,2025-07-25T01:10:53.572482,13.06,"{""NZDUSDc"": -2.23, ""GBPJPYc"": 7.96, ""EURCADc"": -0.71, ""AUDCHFc"": 7.79, ""EURUSDc"": 0.27}",5
183459647,2025-07-25T01:10:53.586536,1.13,"{""GBPCADc"": 9.49, ""EURUSDc"": 0.16, ""AUDJPYc"": 0.13, ""EURNZDc"": 0.51, ""USDCHFc"": -7.43}",5
183459647,2025-07-25T01:11:03.595340,0.97,"{""GBPCADc"": 9.49, ""EURUSDc"": 0.12, ""AUDJPYc"": 0.09, ""EURNZDc"": 0.48, ""USDCHFc"": -7.48}",5
263006287,2025-07-25T01:11:03.596342,12.92,"{""NZDUSDc"": -2.24, ""GBPJPYc"": 7.88, ""EURCADc"": -0.71, ""AUDCHFc"": 7.78, ""EURUSDc"": 0.23}",5
183459647,2025-07-25T01:11:13.606178,1.2,"{""GBPCADc"": 9.51, ""EURUSDc"": 0.23, ""AUDJPYc"": 0.1, ""EURNZDc"": 0.47, ""USDCHFc"": -7.38}",5
263006287,2025-07-25T01:11:13.632992,13.14,"{""NZDUSDc"": -2.18, ""GBPJPYc"": 7.91, ""EURCADc"": -0.7, ""AUDCHFc"": 7.79, ""EURUSDc"": 0.34}",5
183459647,2025-07-25T01:11:23.635038,1.16,"{""GBPCADc"": 9.46, ""EURUSDc"": 0.22, ""AUDJPYc"": 0.09, ""EURNZDc"": 0.5, ""USDCHFc"": -7.38}",5
263006287,2025-07-25T01:11:23.651853,13.09,"{""NZDUSDc"": -2.19, ""GBPJPYc"": 7.89, ""EURCADc"": -0.7, ""AUDCHFc"": 7.78, ""EURUSDc"": 0.33}",5
183459647,2025-07-25T01:11:33.654567,1.13,"{""GBPCADc"": 9.43, ""EURUSDc"": 0.28, ""AUDJPYc"": 0.07, ""EURNZDc"": 0.43, ""USDCHFc"": -7.35}",5
263006287,2025-07-25T01:11:33.669085,13.19,"{""NZDUSDc"": -2.13, ""GBPJPYc"": 7.93, ""EURCADc"": -0.72, ""AUDCHFc"": 7.74, ""EURUSDc"": 0.39}",5
183459647,2025-07-25T01:11:43.667865,1.08,"{""GBPCADc"": 9.4, ""EURUSDc"": 0.28, ""AUDJPYc"": 0.07, ""EURNZDc"": 0.43, ""USDCHFc"": -7.37}",5
263006287,2025-07-25T01:11:43.683794,13.13,"{""NZDUSDc"": -2.13, ""GBPJPYc"": 7.94, ""EURCADc"": -0.78, ""AUDCHFc"": 7.73, ""EURUSDc"": 0.39}",5
183459647,2025-07-25T01:11:53.682523,1.13,"{""GBPCADc"": 9.36, ""EURUSDc"": 0.28, ""AUDJPYc"": 0.1, ""EURNZDc"": 0.47, ""USDCHFc"": -7.35}",5
263006287,2025-07-25T01:11:53.698459,13.16,"{""NZDUSDc"": -2.14, ""GBPJPYc"": 7.99, ""EURCADc"": -0.8, ""AUDCHFc"": 7.74, ""EURUSDc"": 0.39}",5
183459647,2025-07-25T01:12:03.700663,1.09,"{""GBPCADc"": 9.39, ""EURUSDc"": 0.2, ""AUDJPYc"": 0.11, ""EURNZDc"": 0.5, ""USDCHFc"": -7.38}",5
263006287,2025-07-25T01:12:03.708597,13.02,"{""NZDUSDc"": -2.17, ""GBPJPYc"": 7.91, ""EURCADc"": -0.78, ""AUDCHFc"": 7.77, ""EURUSDc"": 0.31}",5
183459647,2025-07-25T01:12:13.713657,1.07,"{""GBPCADc"": 9.43, ""EURUSDc"": 0.22, ""AUDJPYc"": 0.1, ""EURNZDc"": 0.48, ""USDCHFc"": -7.43}",5
263006287,2025-07-25T01:12:13.729397,13.0,"{""NZDUSDc"": -2.2, ""GBPJPYc"": 7.92, ""EURCADc"": -0.76, ""AUDCHFc"": 7.73, ""EURUSDc"": 0.33}",5
183459647,2025-07-25T01:12:23.742057,1.02,"{""GBPCADc"": 9.43, ""EURUSDc"": 0.23, ""AUDJPYc"": 0.06, ""EURNZDc"": 0.47, ""USDCHFc"": -7.44}",5
263006287,2025-07-25T01:12:23.742057,12.95,"{""NZDUSDc"": -2.18, ""GBPJPYc"": 7.89, ""EURCADc"": -0.77, ""AUDCHFc"": 7.69, ""EURUSDc"": 0.34}",5
183459647,2025-07-25T01:12:33.765089,0.95,"{""GBPCADc"": 9.43, ""EURUSDc"": 0.18, ""AUDJPYc"": 0.07, ""EURNZDc"": 0.45, ""USDCHFc"": -7.45}",5
263006287,2025-07-25T01:12:33.778523,12.95,"{""NZDUSDc"": -2.19, ""GBPJPYc"": 7.93, ""EURCADc"": -0.78, ""AUDCHFc"": 7.72, ""EURUSDc"": 0.29}",5
183459647,2025-07-25T01:12:43.784942,1.25,"{""GBPCADc"": 9.52, ""EURUSDc"": 0.28, ""AUDJPYc"": 0.1, ""EURNZDc"": 0.46, ""USDCHFc"": -7.38}",5
263006287,2025-07-25T01:12:43.800746,13.13,"{""NZDUSDc"": -2.15, ""GBPJPYc"": 7.9, ""EURCADc"": -0.72, ""AUDCHFc"": 7.73, ""EURUSDc"": 0.39}",5
183459647,2025-07-25T01:12:53.802140,1.16,"{""GBPCADc"": 9.46, ""EURUSDc"": 0.27, ""AUDJPYc"": 0.09, ""EURNZDc"": 0.45, ""USDCHFc"": -7.38}",5
263006287,2025-07-25T01:12:53.816749,13.1,"{""NZDUSDc"": -2.14, ""GBPJPYc"": 7.9, ""EURCADc"": -0.75, ""AUDCHFc"": 7.73, ""EURUSDc"": 0.38}",5
263006287,2025-07-25T01:13:03.846208,13.03,"{""NZDUSDc"": -2.16, ""GBPJPYc"": 7.88, ""EURCADc"": -0.78, ""AUDCHFc"": 7.73, ""EURUSDc"": 0.38}",5
183459647,2025-07-25T01:13:03.838655,1.15,"{""GBPCADc"": 9.47, ""EURUSDc"": 0.27, ""AUDJPYc"": 0.07, ""EURNZDc"": 0.46, ""USDCHFc"": -7.39}",5
263006287,2025-07-25T01:13:13.888203,13.0,"{""NZDUSDc"": -2.18, ""GBPJPYc"": 7.87, ""EURCADc"": -0.76, ""AUDCHFc"": 7.74, ""EURUSDc"": 0.35}",5
183459647,2025-07-25T01:13:13.900895,1.18,"{""GBPCADc"": 9.51, ""EURUSDc"": 0.24, ""AUDJPYc"": 0.07, ""EURNZDc"": 0.47, ""USDCHFc"": -7.38}",5
263006287,2025-07-25T01:13:23.910288,13.06,"{""NZDUSDc"": -2.16, ""GBPJPYc"": 7.84, ""EURCADc"": -0.73, ""AUDCHFc"": 7.74, ""EURUSDc"": 0.39}",5
183459647,2025-07-25T01:13:23.933502,1.26,"{""GBPCADc"": 9.53, ""EURUSDc"": 0.28, ""AUDJPYc"": 0.08, ""EURNZDc"": 0.48, ""USDCHFc"": -7.38}",5
263006287,2025-07-25T01:13:33.922643,13.14,"{""NZDUSDc"": -2.19, ""GBPJPYc"": 7.88, ""EURCADc"": -0.7, ""AUDCHFc"": 7.78, ""EURUSDc"": 0.39}",5
183459647,2025-07-25T01:13:33.954840,1.34,"{""GBPCADc"": 9.52, ""EURUSDc"": 0.28, ""AUDJPYc"": 0.12, ""EURNZDc"": 0.52, ""USDCHFc"": -7.37}",5
263006287,2025-07-25T01:13:43.952237,13.17,"{""NZDUSDc"": -2.16, ""GBPJPYc"": 7.89, ""EURCADc"": -0.7, ""AUDCHFc"": 7.75, ""EURUSDc"": 0.41}",5
183459647,2025-07-25T01:13:43.982507,1.37,"{""GBPCADc"": 9.54, ""EURUSDc"": 0.3, ""AUDJPYc"": 0.1, ""EURNZDc"": 0.51, ""USDCHFc"": -7.35}",5
263006287,2025-07-25T01:13:53.985063,13.29,"{""NZDUSDc"": -2.13, ""GBPJPYc"": 7.94, ""EURCADc"": -0.7, ""AUDCHFc"": 7.73, ""EURUSDc"": 0.47}",5
183459647,2025-07-25T01:13:54.006671,1.42,"{""GBPCADc"": 9.5, ""EURUSDc"": 0.36, ""AUDJPYc"": 0.12, ""EURNZDc"": 0.51, ""USDCHFc"": -7.34}",5
263006287,2025-07-25T01:14:03.999112,13.26,"{""NZDUSDc"": -2.13, ""GBPJPYc"": 7.98, ""EURCADc"": -0.71, ""AUDCHFc"": 7.72, ""EURUSDc"": 0.42}",5
183459647,2025-07-25T01:14:04.029873,1.32,"{""GBPCADc"": 9.51, ""EURUSDc"": 0.31, ""AUDJPYc"": 0.13, ""EURNZDc"": 0.48, ""USDCHFc"": -7.38}",5
263006287,2025-07-25T01:14:14.026006,13.1,"{""NZDUSDc"": -2.13, ""GBPJPYc"": 7.97, ""EURCADc"": -0.8, ""AUDCHFc"": 7.68, ""EURUSDc"": 0.4}",5
183459647,2025-07-25T01:14:14.041733,1.13,"{""GBPCADc"": 9.44, ""EURUSDc"": 0.29, ""AUDJPYc"": 0.1, ""EURNZDc"": 0.42, ""USDCHFc"": -7.39}",5
263006287,2025-07-25T01:14:24.042490,13.23,"{""NZDUSDc"": -2.12, ""GBPJPYc"": 8.02, ""EURCADc"": -0.76, ""AUDCHFc"": 7.67, ""EURUSDc"": 0.44}",5
183459647,2025-07-25T01:14:24.058508,1.22,"{""GBPCADc"": 9.46, ""EURUSDc"": 0.33, ""AUDJPYc"": 0.12, ""EURNZDc"": 0.44, ""USDCHFc"": -7.4}",5
263006287,2025-07-25T01:14:34.059354,13.19,"{""NZDUSDc"": -2.12, ""GBPJPYc"": 8.0, ""EURCADc"": -0.76, ""AUDCHFc"": 7.67, ""EURUSDc"": 0.42}",5
183459647,2025-07-25T01:14:34.075389,1.24,"{""GBPCADc"": 9.47, ""EURUSDc"": 0.31, ""AUDJPYc"": 0.12, ""EURNZDc"": 0.45, ""USDCHFc"": -7.38}",5
263006287,2025-07-25T01:14:44.083464,13.15,"{""NZDUSDc"": -2.13, ""GBPJPYc"": 7.98, ""EURCADc"": -0.76, ""AUDCHFc"": 7.68, ""EURUSDc"": 0.4}",5
183459647,2025-07-25T01:14:44.083464,1.23,"{""GBPCADc"": 9.49, ""EURUSDc"": 0.29, ""AUDJPYc"": 0.12, ""EURNZDc"": 0.45, ""USDCHFc"": -7.39}",5
263006287,2025-07-25T01:14:54.099851,13.15,"{""NZDUSDc"": -2.13, ""GBPJPYc"": 7.97, ""EURCADc"": -0.75, ""AUDCHFc"": 7.68, ""EURUSDc"": 0.4}",5
183459647,2025-07-25T01:14:54.115628,1.22,"{""GBPCADc"": 9.48, ""EURUSDc"": 0.29, ""AUDJPYc"": 0.11, ""EURNZDc"": 0.45, ""USDCHFc"": -7.38}",5
263006287,2025-07-25T01:15:04.121360,13.28,"{""NZDUSDc"": -2.13, ""GBPJPYc"": 8.02, ""EURCADc"": -0.73, ""AUDCHFc"": 7.7, ""EURUSDc"": 0.44}",5
183459647,2025-07-25T01:15:04.121360,1.33,"{""GBPCADc"": 9.49, ""EURUSDc"": 0.33, ""AUDJPYc"": 0.13, ""EURNZDc"": 0.46, ""USDCHFc"": -7.35}",5
183459647,2025-07-25T01:15:14.145892,1.32,"{""GBPCADc"": 9.45, ""EURUSDc"": 0.31, ""AUDJPYc"": 0.15, ""EURNZDc"": 0.48, ""USDCHFc"": -7.34}",5
263006287,2025-07-25T01:15:14.146891,13.23,"{""NZDUSDc"": -2.14, ""GBPJPYc"": 8.01, ""EURCADc"": -0.77, ""AUDCHFc"": 7.73, ""EURUSDc"": 0.42}",5
183459647,2025-07-25T01:15:24.185395,1.37,"{""GBPCADc"": 9.46, ""EURUSDc"": 0.33, ""AUDJPYc"": 0.14, ""EURNZDc"": 0.48, ""USDCHFc"": -7.31}",5
263006287,2025-07-25T01:15:24.186396,13.28,"{""NZDUSDc"": -2.13, ""GBPJPYc"": 8.01, ""EURCADc"": -0.76, ""AUDCHFc"": 7.74, ""EURUSDc"": 0.44}",5
183459647,2025-07-25T01:15:34.239173,1.42,"{""GBPCADc"": 9.52, ""EURUSDc"": 0.38, ""AUDJPYc"": 0.13, ""EURNZDc"": 0.42, ""USDCHFc"": -7.3}",5
263006287,2025-07-25T01:15:34.239173,13.33,"{""NZDUSDc"": -2.09, ""GBPJPYc"": 7.95, ""EURCADc"": -0.72, ""AUDCHFc"": 7.72, ""EURUSDc"": 0.49}",5
183459647,2025-07-25T01:15:44.280645,1.33,"{""GBPCADc"": 9.45, ""EURUSDc"": 0.37, ""AUDJPYc"": 0.12, ""EURNZDc"": 0.36, ""USDCHFc"": -7.24}",5
263006287,2025-07-25T01:15:44.283200,13.34,"{""NZDUSDc"": -2.05, ""GBPJPYc"": 7.98, ""EURCADc"": -0.79, ""AUDCHFc"": 7.74, ""EURUSDc"": 0.48}",5
183459647,2025-07-25T01:15:54.290138,1.3900000000000001,"{""GBPCADc"": 9.46, ""EURUSDc"": 0.37, ""AUDJPYc"": 0.13, ""EURNZDc"": 0.41, ""USDCHFc"": -7.25}",5
263006287,2025-07-25T01:15:54.306010,13.35,"{""NZDUSDc"": -2.07, ""GBPJPYc"": 8.0, ""EURCADc"": -0.78, ""AUDCHFc"": 7.74, ""EURUSDc"": 0.48}",5
183459647,2025-07-25T01:16:04.298406,1.47,"{""GBPCADc"": 9.52, ""EURUSDc"": 0.37, ""AUDJPYc"": 0.14, ""EURNZDc"": 0.42, ""USDCHFc"": -7.25}",5
263006287,2025-07-25T01:16:04.312095,13.42,"{""NZDUSDc"": -2.08, ""GBPJPYc"": 7.99, ""EURCADc"": -0.7, ""AUDCHFc"": 7.75, ""EURUSDc"": 0.48}",5
183459647,2025-07-25T01:16:14.317657,1.5,"{""GBPCADc"": 9.54, ""EURUSDc"": 0.37, ""AUDJPYc"": 0.14, ""EURNZDc"": 0.43, ""USDCHFc"": -7.25}",5
263006287,2025-07-25T01:16:14.317657,13.4,"{""NZDUSDc"": -2.09, ""GBPJPYc"": 7.99, ""EURCADc"": -0.7, ""AUDCHFc"": 7.74, ""EURUSDc"": 0.48}",5
